,AreaEstimation,Error,Variance,StDev,SampleSize,N_iterations,Method
0,9.0,7.489004999999998,0.0,0.0,1000,1,Random
1,9.0,7.489004999999998,0.0,0.0,1000,1,LHC
2,9.0,7.489004999999998,0.0,0.0,1000,1,Orthogonal
3,9.0,7.489004999999998,0.0,0.0,1000,2,Random
4,9.0,7.489004999999998,0.0,0.0,1000,2,LHC
5,9.0,7.489004999999998,0.0,0.0,1000,2,Orthogonal
6,8.368500000000003,6.857505000000001,0.00635756896551722,0.07973436502234918,1000,3,Random
7,8.3673,6.856305000000001,0.005760217241379306,0.07589609503379806,1000,3,LHC
8,8.3712,6.860205000000001,0.003054165517241353,0.05526450503932296,1000,3,Orthogonal
9,6.2562000000000015,4.7452049999999995,0.016857682758620655,0.12983713936551688,1000,4,Random
10,6.244200000000001,4.733204999999999,0.011627131034482702,0.1078291752471598,1000,4,LHC
11,6.267600000000001,4.756604999999999,0.011890799999999925,0.10904494486219857,1000,4,Orthogonal
12,4.198499999999999,2.6875049999999994,0.02381260344827585,0.15431332880952264,1000,5,Random
13,4.156199999999999,2.645205,0.03376526896551725,0.18375328287004086,1000,5,LHC
14,4.158,2.647005,0.008474275862068949,0.09205583013622194,1000,5,Orthogonal
15,3.2738999999999994,1.7629049999999997,0.011394093103448301,0.10674311735867704,1000,6,Random
16,3.2501999999999995,1.7392049999999997,0.014288027586206885,0.1195325377719677,1000,6,LHC
17,3.2676000000000003,1.7566049999999995,0.00757452413793104,0.08703174212855354,1000,6,Orthogonal
18,2.8149,1.3039049999999996,0.022823472413793112,0.1510743936403291,1000,7,Random
19,2.770200000000001,1.2592050000000001,0.018095958620689686,0.13452121996432267,1000,7,LHC
20,2.8211999999999997,1.3102049999999998,0.004914372413793109,0.07010258492946683,1000,7,Orthogonal
21,2.5506,1.039605,0.010343420689655151,0.10170260906021611,1000,8,Random
22,2.5137,1.0027050000000002,0.013832286206896527,0.11761074018514009,1000,8,LHC
23,2.5257,1.014705,0.0053151827586206644,0.07290529993505729,1000,8,Orthogonal
24,2.3466000000000005,0.8356049999999998,0.01428914482758621,0.11953721105825671,1000,9,Random
25,2.3091,0.798105,0.010092506896551744,0.10046146971128654,1000,9,LHC
26,2.301,0.7900050000000002,0.005493103448275869,0.07411547374385372,1000,9,Orthogonal
27,2.2395,0.728505,0.014379362068965524,0.11991397778810244,1000,10,Random
28,2.2041,0.6931050000000002,0.012185472413793117,0.1103878272899377,1000,10,LHC
29,2.1876,0.676605,0.006552248275862069,0.08094595898413996,1000,10,Orthogonal
30,2.1177,0.6067049999999998,0.017625320689655166,0.1327603882551387,1000,11,Random
31,2.0990999999999995,0.588105,0.013209610344827583,0.11493306897854762,1000,11,LHC
32,2.0991000000000004,0.588105,0.004159955172413787,0.06449771447434233,1000,11,Orthogonal
33,2.0120999999999998,0.501105,0.025437817241379324,0.15949237361510213,1000,12,Random
34,2.0007,0.48970499999999995,0.01081573448275862,0.10399872346696674,1000,12,LHC
35,2.0162999999999998,0.505305,0.0045722172413793115,0.06761817241969285,1000,12,Orthogonal
36,1.9790999999999996,0.4681049999999998,0.01773257586206896,0.13316371826465706,1000,13,Random
37,1.9674,0.45640499999999995,0.015789972413793107,0.12565815697276922,1000,13,LHC
38,1.9503,0.43930499999999995,0.005363596551724139,0.07323657932839395,1000,13,Orthogonal
39,1.9293,0.4183049999999999,0.012744837931034479,0.11289303756669176,1000,14,Random
40,1.902,0.391005,0.01552593103448276,0.1246030940004411,1000,14,LHC
41,1.9332,0.422205,0.004001958620689654,0.06326103556447407,1000,14,Orthogonal
42,1.8813,0.37030499999999994,0.011432079310344833,0.1069209021208895,1000,15,Random
43,1.8848999999999998,0.37390499999999993,0.008997610344827588,0.09485573438030823,1000,15,LHC
44,1.854,0.34300499999999995,0.004664482758620686,0.06829701866568325,1000,15,Orthogonal
45,1.8624000000000003,0.35140499999999997,0.01062459310344827,0.10307566688335454,1000,16,Random
46,1.8329999999999997,0.3220049999999999,0.013252344827586209,0.11511882916181092,1000,16,LHC
47,1.8639000000000001,0.3529049999999998,0.005543472413793101,0.074454498949312,1000,16,Orthogonal
48,1.8423,0.3313049999999999,0.008234906896551724,0.09074638778789888,1000,17,Random
49,1.815,0.3040049999999999,0.011481517241379307,0.10715184198780396,1000,17,LHC
50,1.8185999999999998,0.30760499999999985,0.00733990344827586,0.08567323647601893,1000,17,Orthogonal
51,1.7901,0.2791049999999999,0.010101817241379308,0.10050779691834513,1000,18,Random
52,1.8048,0.2938049999999999,0.01472375172413794,0.12134146745502108,1000,18,LHC
53,1.7805,0.26950499999999994,0.003843775862068963,0.061998192409690164,1000,18,Orthogonal
54,1.7859,0.2749049999999999,0.012142644827586204,0.11019366963481253,1000,19,Random
55,1.7724,0.26613799999999993,0.01531142068965517,0.12373932555843017,1000,19,LHC
56,1.7922000000000002,0.2812049999999999,0.004936717241379307,0.07026177653162,1000,19,Orthogonal
57,1.7088,0.2013379999999999,0.012059131034482768,0.10981407484691008,1000,20,Random
58,1.7421,0.23110499999999992,0.009545058620689658,0.09769881586124603,1000,20,LHC
59,1.7583000000000004,0.24730499999999994,0.004639251724137934,0.06811205270829777,1000,20,Orthogonal
60,1.7489999999999999,0.23800499999999994,0.012498206896551727,0.11179537958498878,1000,21,Random
61,1.7330999999999999,0.2221049999999999,0.012053265517241393,0.10978736501638699,1000,21,LHC
62,1.7717999999999998,0.2608049999999999,0.006070717241379308,0.07791480758738552,1000,21,Orthogonal
63,1.7351999999999999,0.22420499999999996,0.01400126896551724,0.11832695789851626,1000,22,Random
64,1.7288999999999999,0.2179049999999999,0.012068162068965525,0.10985518680957002,1000,22,LHC
65,1.7484000000000002,0.23740499999999995,0.0047479034482758664,0.0689050320969076,1000,22,Orthogonal
66,1.6929,0.18483799999999995,0.009632575862068967,0.09814568692545265,1000,23,Random
67,1.7259,0.21723799999999996,0.012567196551724145,0.11210350820435615,1000,23,LHC
68,1.7319,0.22090499999999988,0.0077574724137931044,0.08807651454157972,1000,23,Orthogonal
69,1.7186999999999997,0.21597099999999997,0.017889734482758633,0.13375251206148853,1000,24,Random
70,1.7028,0.19293799999999992,0.009873062068965524,0.09936328330407326,1000,24,LHC
71,1.6974000000000005,0.18640499999999985,0.004919213793103456,0.07013710710532232,1000,24,Orthogonal
72,1.7202,0.2092049999999999,0.012746234482758627,0.11289922268447479,1000,25,Random
73,1.6899,0.1806379999999999,0.010550575862068973,0.10271599613530978,1000,25,LHC
74,1.6977000000000002,0.18670499999999993,0.0036169758620689715,0.060141299138520204,1000,25,Orthogonal
75,1.6782000000000001,0.16720499999999994,0.011383200000000008,0.10669208030589716,1000,26,Random
76,1.6989000000000003,0.1879049999999999,0.010410920689655177,0.10203391930948834,1000,26,LHC
77,1.6953,0.18430499999999986,0.003790148275862073,0.06156418013635911,1000,26,Orthogonal
78,1.6775999999999998,0.17307099999999995,0.01611397241379311,0.1269408224874611,1000,27,Random
79,1.6491,0.1428379999999999,0.00955623103448277,0.09775597697574696,1000,27,LHC
80,1.7001,0.1891049999999999,0.00669981724137932,0.08185241133515445,1000,27,Orthogonal
81,1.6632,0.1562709999999999,0.010074165517241386,0.10037014255863835,1000,28,Random
82,1.6920000000000002,0.18100499999999986,0.01377000000000001,0.11734564329364772,1000,28,LHC
83,1.6577999999999997,0.1491379999999999,0.005068924137931041,0.07119637728094767,1000,28,Orthogonal
84,1.6764000000000003,0.18020399999999995,0.013434455172413796,0.11590709716153622,1000,29,Random
85,1.6607999999999998,0.1562709999999999,0.011930648275862078,0.10922750695617875,1000,29,LHC
86,1.6854,0.1744049999999999,0.006094179310344833,0.07806522471846752,1000,29,Orthogonal
87,1.6611,0.15417099999999992,0.00808147241379311,0.0898970100381159,1000,30,Random
88,1.6569,0.15410399999999994,0.01311836896551725,0.11453544851056921,1000,30,LHC
89,1.6371000000000002,0.13023799999999988,0.005867472413793107,0.07659942828633323,1000,30,Orthogonal
90,1.6260000000000001,0.13673599999999994,0.018319034482758623,0.13534782777258977,1000,31,Random
91,1.6535999999999995,0.14553799999999986,0.008462731034482767,0.09199310318976509,1000,31,LHC
92,1.653,0.14200499999999985,0.004521103448275866,0.06723915115671722,1000,31,Orthogonal
93,1.6293,0.1188379999999999,0.011247734482758624,0.10605533688956263,1000,32,Random
94,1.6464000000000003,0.15240299999999998,0.01933348965517242,0.13904491955901307,1000,32,LHC
95,1.6605,0.14950499999999992,0.006394810344827592,0.07996755807718273,1000,32,Orthogonal
96,1.659,0.14800499999999991,0.007465034482758615,0.08640043103340755,1000,33,Random
97,1.6035000000000001,0.12636999999999995,0.014965913793103452,0.1223352516370627,1000,33,LHC
98,1.6392,0.13113799999999987,0.004986993103448281,0.07061864557925393,1000,33,Orthogonal
99,1.6301999999999999,0.1385359999999999,0.014304786206896548,0.11960261789315713,1000,34,Random
100,1.6128000000000005,0.11127099999999993,0.007638579310344833,0.08739896630020765,1000,34,LHC
101,1.6160999999999999,0.1098379999999999,0.005383334482758626,0.07337121017646243,1000,34,Orthogonal
102,1.6512000000000002,0.1466709999999999,0.009221337931034489,0.09602779769959575,1000,35,Random
103,1.656,0.15200399999999992,0.010435034482758631,0.10215201653789625,1000,35,LHC
104,1.6290000000000002,0.11853799999999988,0.004094689655172414,0.0639897621121724,1000,35,Orthogonal
105,1.6521,0.15883699999999998,0.017455127586206907,0.13211785491070807,1000,36,Random
106,1.6484999999999999,0.13750499999999988,0.004977775862068974,0.07055335471874441,1000,36,LHC
107,1.6265999999999998,0.11853799999999985,0.0067254206896551795,0.08200866228426835,1000,36,Orthogonal
108,1.6056,0.12366999999999992,0.014711834482758626,0.12129235129536663,1000,37,Random
109,1.6221,0.1305699999999999,0.012237610344827586,0.11062373318970747,1000,37,LHC
110,1.6266,0.11613799999999988,0.003731213793103449,0.06108366224370842,1000,37,Orthogonal
111,1.6155,0.12323599999999993,0.012807775862068969,0.11317144455236475,1000,38,Random
112,1.5935999999999997,0.11040299999999993,0.012853489655172417,0.11337323165179873,1000,38,LHC
113,1.6215,0.11050499999999987,0.0037152931034482813,0.06095320420985497,1000,38,Orthogonal
114,1.6314,0.13460399999999992,0.009496179310344834,0.09744834175266828,1000,39,Random
115,1.6211999999999998,0.1219369999999999,0.011735131034482761,0.10832880980829966,1000,39,LHC
116,1.6158,0.10653799999999986,0.004579200000000005,0.06766978646338412,1000,39,Orthogonal
117,1.6028999999999998,0.11070299999999991,0.007593610344827586,0.08714132397908346,1000,40,Random
118,1.566,0.07920299999999991,0.0070777241379310326,0.08412921096700618,1000,40,LHC
119,1.6413,0.1326379999999999,0.004639251724137931,0.06811205270829775,1000,40,Orthogonal
120,1.6203000000000003,0.11750399999999996,0.007354148275862068,0.08575633082089082,1000,41,Random
121,1.5924000000000003,0.10146999999999994,0.008842593103448277,0.09403506315969738,1000,41,LHC
122,1.5852,0.08420399999999995,0.006065131034482758,0.07787895116450116,1000,41,Orthogonal
123,1.6155000000000002,0.12216999999999993,0.013522810344827586,0.11628761905219138,1000,42,Random
124,1.6113,0.11623699999999992,0.010817596551724137,0.10400767544620992,1000,42,LHC
125,1.6017000000000003,0.10116999999999989,0.0061140103448275845,0.07819213735937638,1000,42,Orthogonal
126,1.569,0.11026899999999994,0.015788482758620697,0.12565222942160914,1000,43,Random
127,1.617,0.1296699999999999,0.011341862068965524,0.10649817871196447,1000,43,LHC
128,1.6272000000000004,0.11900399999999987,0.006130303448275866,0.07829625436938772,1000,43,Orthogonal
129,1.6374,0.1436039999999999,0.013629972413793105,0.11674747283685889,1000,44,Random
130,1.5848999999999998,0.10596999999999988,0.01111850689655172,0.10544433079379716,1000,44,LHC
131,1.5909,0.08397099999999987,0.00331085172413793,0.057540001078709845,1000,44,Orthogonal
132,1.5873000000000002,0.11130299999999996,0.014079941379310353,0.11865892878039289,1000,45,Random
133,1.6223999999999994,0.13140299999999996,0.014076868965517254,0.11864598166611988,1000,45,LHC
134,1.5915,0.08690399999999988,0.004206879310344828,0.06486046030013068,1000,45,Orthogonal
135,1.6311,0.1342369999999999,0.009857886206896553,0.09928688839366734,1000,46,Random
136,1.6296000000000002,0.12747099999999992,0.006485213793103455,0.08053082511127932,1000,46,LHC
137,1.5858,0.08253799999999985,0.004845475862068968,0.06960945239023913,1000,46,Orthogonal
138,1.623,0.13260299999999994,0.015268965517241386,0.12356765562735819,1000,47,Random
139,1.5705,0.09063499999999995,0.010724120689655173,0.10355733044867067,1000,47,LHC
140,1.5998999999999997,0.09123799999999989,0.0027354724137931023,0.05230174388864201,1000,47,Orthogonal
141,1.6014000000000002,0.11926899999999994,0.014925972413793105,0.12217189698860006,1000,48,Random
142,1.5992999999999997,0.11483599999999991,0.013435665517241378,0.11591231822908805,1000,48,LHC
143,1.6164,0.1065379999999999,0.0036623172413793093,0.06051708222790743,1000,48,Orthogonal
144,1.5536999999999996,0.08936799999999995,0.010555044827586206,0.10273774782224013,1000,49,Random
145,1.6146,0.12420299999999991,0.009946799999999997,0.09973364527580447,1000,49,LHC
146,1.5665999999999998,0.0648029999999999,0.0036753517241379275,0.06062467916729892,1000,49,Orthogonal
147,1.5681000000000003,0.11236899999999993,0.01608650689655172,0.12683259398337526,1000,50,Random
148,1.5909000000000002,0.11043499999999994,0.013818506896551728,0.11755214543576704,1000,50,LHC
149,1.5945,0.08577099999999989,0.003715293103448275,0.060953204209854915,1000,50,Orthogonal
150,1.5990000000000002,0.10493599999999995,0.014771793103448276,0.12153926568581973,1000,51,Random
151,1.6170000000000002,0.11880299999999995,0.009263793103448277,0.0962486005272195,1000,51,LHC
152,1.5995999999999997,0.08967099999999988,0.004395972413793104,0.06630212978323625,1000,51,Orthogonal
153,1.5486,0.09966699999999996,0.012993144827586199,0.11398747662610222,1000,52,Random
154,1.6203,0.12636999999999993,0.009337251724137938,0.09662945577895975,1000,52,LHC
155,1.5713999999999997,0.08560199999999991,0.007723489655172414,0.08788338668469949,1000,52,Orthogonal
156,1.6011000000000004,0.13396899999999995,0.01806774827586208,0.13441632443963822,1000,53,Random
157,1.6152000000000004,0.12426999999999994,0.015092441379310343,0.12285129783323553,1000,53,LHC
158,1.5924,0.08660399999999992,0.005222731034482757,0.07226846500710221,1000,53,Orthogonal
159,1.5657000000000003,0.09536799999999997,0.01538711379310345,0.12404480558694689,1000,54,Random
160,1.5963,0.10830299999999997,0.012303527586206895,0.11092126751082002,1000,54,LHC
161,1.5824999999999998,0.0891699999999999,0.006402258620689654,0.08001411513407902,1000,54,Orthogonal
162,1.5959999999999999,0.10933699999999993,0.010185517241379316,0.10092332357477787,1000,55,Random
163,1.5585,0.08476899999999991,0.008379775862068964,0.09154111569163315,1000,55,LHC
164,1.5744,0.0662039999999999,0.002273213793103443,0.04767823185798151,1000,55,Orthogonal
165,1.5615,0.10623500000000001,0.016528189655172422,0.12856200704396467,1000,56,Random
166,1.5747,0.08236899999999993,0.006829044827586207,0.08263803499349562,1000,56,LHC
167,1.5831000000000002,0.07983799999999992,0.00454354137931034,0.06740579633318147,1000,56,Orthogonal
168,1.5876,0.10300199999999989,0.010868524137931034,0.10425221406728509,1000,57,Random
169,1.5698999999999999,0.11343499999999998,0.016941196551724134,0.13015835183238966,1000,57,LHC
170,1.5734999999999997,0.07716999999999992,0.004765500000000001,0.06903260099402311,1000,57,Orthogonal
171,1.5729000000000002,0.09083599999999992,0.01063995517241379,0.10315015837318811,1000,58,Random
172,1.5620999999999998,0.11096799999999996,0.016885334482758627,0.12994358192215044,1000,58,LHC
173,1.6035,0.09530399999999987,0.004927499999999999,0.07019615374078553,1000,58,Orthogonal
174,1.5492,0.09686799999999997,0.015505820689655173,0.12452237023786197,1000,59,Random
175,1.5675,0.09790199999999993,0.01556922413793103,0.12477669709497455,1000,59,LHC
176,1.5785999999999996,0.07626999999999991,0.005047696551724131,0.07104714316370596,1000,59,Orthogonal
177,1.5909000000000002,0.11856999999999991,0.011544920689655179,0.10744729261202991,1000,60,Random
178,1.5918,0.10733599999999995,0.012729475862068962,0.11282497889239317,1000,60,LHC
179,1.5588000000000004,0.0695359999999999,0.005214165517241375,0.07220917889881712,1000,60,Orthogonal
180,1.5654,0.09106899999999997,0.010741903448275861,0.10364315437247103,1000,61,Random
181,1.5735000000000001,0.10030199999999996,0.012753775862068968,0.11293261646694,1000,61,LHC
182,1.5753,0.07476999999999992,0.004600148275862067,0.06782439292660176,1000,61,Orthogonal
183,1.5747,0.11236899999999993,0.01215828620689655,0.11026461901669342,1000,62,Random
184,1.5866999999999998,0.11056899999999995,0.01223463103448276,0.11061026640634566,1000,62,LHC
185,1.5936000000000001,0.09980399999999987,0.006177972413793103,0.07860007896810985,1000,62,Orthogonal
186,1.5783,0.08843599999999989,0.00827028620689655,0.09094111395236233,1000,63,Random
187,1.5500999999999998,0.07783399999999992,0.008243472413793097,0.0907935703328881,1000,63,LHC
188,1.5606,0.06420299999999993,0.003930455172413789,0.06269334232926005,1000,63,Orthogonal
189,1.6106999999999998,0.1221699999999999,0.010571803448275862,0.10281927566500292,1000,64,Random
190,1.5801,0.11943499999999994,0.01879023103448275,0.13707746362725987,1000,64,LHC
191,1.5704999999999998,0.07530299999999988,0.004674258620689647,0.06836854993847424,1000,64,Orthogonal
192,1.5353999999999999,0.09913399999999997,0.015700593103448277,0.12530200757948085,1000,65,Random
193,1.5959999999999999,0.0914039999999999,0.009537517241379306,0.09766021319544263,1000,65,LHC
194,1.5441000000000003,0.07030199999999995,0.006617886206896545,0.0813503915595773,1000,65,Orthogonal
195,1.5789,0.10990199999999994,0.015393817241379315,0.12407182291471064,1000,66,Random
196,1.6148999999999998,0.12863599999999992,0.01885726551724138,0.13732175908151403,1000,66,LHC
197,1.5765,0.0836359999999999,0.006798879310344823,0.08245531705320659,1000,66,Orthogonal
198,1.5584999999999998,0.07470299999999991,0.00597770689655172,0.07731563164426532,1000,67,Random
199,1.575,0.09780299999999993,0.010021655172413794,0.10010821730714115,1000,67,LHC
200,1.5984000000000003,0.09200399999999989,0.004232110344827586,0.06505467196771947,1000,67,Orthogonal
201,1.5816000000000001,0.0900699999999999,0.008261627586206894,0.09089349584104957,1000,68,Random
202,1.5687000000000006,0.13210199999999997,0.02398801034482759,0.1548806325685287,1000,68,LHC
203,1.5795000000000001,0.08496999999999992,0.005428396551724133,0.07367765300092106,1000,68,Orthogonal
204,1.6058999999999997,0.10903699999999995,0.008980851724137926,0.09476735579374328,1000,69,Random
205,1.5729000000000002,0.10343599999999992,0.013237541379310344,0.11505451481497952,1000,69,LHC
206,1.5579,0.0657699999999999,0.004789334482758616,0.06920501775708619,1000,69,Orthogonal
207,1.5833999999999997,0.09306999999999993,0.008635903448275865,0.09292956175661146,1000,70,Random
208,1.5684,0.12153499999999995,0.01964631724137932,0.14016532110825172,1000,70,LHC
209,1.5621000000000003,0.06570299999999994,0.00447836896551724,0.06692061689432667,1000,70,Orthogonal
210,1.5462,0.09566799999999993,0.01250416551724138,0.11182202608270599,1000,71,Random
211,1.5273,0.09343400000000002,0.012318424137931036,0.11098839641120614,1000,71,LHC
212,1.5480000000000003,0.062335999999999905,0.004508068965517237,0.06714215490671444,1000,71,Orthogonal
213,1.5807,0.10516899999999993,0.013325803448275862,0.11543744387448927,1000,72,Random
214,1.5546,0.07720199999999995,0.008887282758620696,0.09427238598137153,1000,72,LHC
215,1.5719999999999998,0.08453599999999994,0.007252758620689654,0.08516312946745001,1000,72,Orthogonal
216,1.5548999999999997,0.09343399999999995,0.01193036896551724,0.10922622837724115,1000,73,Random
217,1.5966,0.10926999999999992,0.010483075862068965,0.10238689301892584,1000,73,LHC
218,1.5954,0.09500399999999987,0.004479765517241378,0.06693105047167106,1000,73,Orthogonal
219,1.5776999999999997,0.10450199999999994,0.010849251724137938,0.10415974137898931,1000,74,Random
220,1.5512999999999997,0.08996799999999999,0.011041044827586208,0.1050763761631805,1000,74,LHC
221,1.5693000000000004,0.07636899999999992,0.006711734482758617,0.08192517612284161,1000,74,Orthogonal
222,1.5756000000000003,0.10900199999999995,0.015026524137931041,0.12258272365195286,1000,75,Random
223,1.527,0.09246699999999995,0.011900482758620694,0.1090893338444263,1000,75,LHC
224,1.5561,0.058968999999999945,0.004124575862068962,0.0642228608991297,1000,75,Orthogonal
225,1.5681,0.10863499999999998,0.01428216206896552,0.11950800002077484,1000,76,Random
226,1.5341999999999998,0.08653399999999996,0.010288303448275865,0.10143127450779599,1000,76,LHC
227,1.5633000000000004,0.0646369999999999,0.004073182758620686,0.06382149135378055,1000,76,Orthogonal
228,1.5546,0.10173499999999995,0.01164128275862069,0.1078947763268486,1000,77,Random
229,1.5809999999999997,0.09846999999999992,0.00872751724137931,0.09342118197378638,1000,77,LHC
230,1.5501000000000003,0.05116899999999992,0.0028025068965517193,0.052938708867441404,1000,77,Orthogonal
231,1.5564000000000002,0.09033499999999996,0.010786593103448268,0.10385852446211755,1000,78,Random
232,1.5639,0.08590199999999992,0.009248989655172415,0.09617166763227315,1000,78,LHC
233,1.5441,0.055968999999999915,0.00456216206896551,0.06754377890646562,1000,78,Orthogonal
234,1.5690000000000004,0.09766899999999994,0.013285862068965516,0.11526431394393287,1000,79,Random
235,1.5933,0.11423599999999992,0.011705803448275862,0.10819336138726748,1000,79,LHC
236,1.5993,0.09810299999999991,0.006676355172413793,0.08170896629142846,1000,79,Orthogonal
237,1.5723000000000005,0.11710199999999998,0.017027596551724145,0.13048983313547513,1000,80,Random
238,1.5641999999999998,0.08873599999999993,0.011202579310344825,0.10584223783700354,1000,80,LHC
239,1.5492,0.05986899999999995,0.004288717241379308,0.06548829850728531,1000,80,Orthogonal
240,1.5528000000000002,0.08980199999999992,0.01138878620689655,0.10671825620247245,1000,81,Random
241,1.5441,0.09123499999999991,0.012125886206896553,0.11011760171242631,1000,81,LHC
242,1.5456,0.054468999999999906,0.003194937931034477,0.05652378199514322,1000,81,Orthogonal
243,1.5957,0.11610299999999993,0.011575458620689656,0.10758930532673615,1000,82,Random
244,1.5486,0.10626699999999999,0.017199558620689663,0.1311470877323994,1000,82,LHC
245,1.5291,0.06476799999999996,0.006247334482758617,0.07904008149514155,1000,82,Orthogonal
246,1.5311999999999997,0.07720199999999994,0.00976878620689655,0.09883717016839641,1000,83,Random
247,1.5614999999999999,0.0961689999999999,0.01003701724137931,0.10018491523866908,1000,83,LHC
248,1.5716999999999999,0.0824359999999999,0.0063653896551724085,0.07978339210119113,1000,83,Orthogonal
249,1.5500999999999998,0.08316699999999996,0.010103679310344827,0.1005170597975529,1000,84,Random
250,1.5461999999999998,0.10220099999999996,0.013878372413793107,0.1178065041234698,1000,84,LHC
251,1.5614999999999999,0.08043499999999994,0.0077969482758620656,0.08830032998727731,1000,84,Orthogonal
252,1.5455999999999996,0.083601,0.010736317241379316,0.10361620163555174,1000,85,Random
253,1.5317999999999996,0.08113399999999998,0.00924740689655172,0.09616343846052781,1000,85,LHC
254,1.5669000000000002,0.08496999999999995,0.008850506896551725,0.09407713269733366,1000,85,Orthogonal
255,1.5371999999999997,0.09866799999999995,0.013174510344827587,0.11478026984123878,1000,86,Random
256,1.5405,0.085101,0.010424327586206894,0.10209959640570032,1000,86,LHC
257,1.5429,0.06356799999999994,0.005941955172413789,0.07708407859223453,1000,86,Orthogonal
258,1.5546,0.07880099999999995,0.009635834482758617,0.09816228645848983,1000,87,Random
259,1.551,0.07713499999999995,0.007967793103448272,0.08926249550314103,1000,87,LHC
260,1.5390000000000001,0.06626799999999992,0.006021931034482756,0.07760110201848139,1000,87,Orthogonal
261,1.5573,0.10143499999999994,0.013169389655172413,0.11475796118427868,1000,88,Random
262,1.5492000000000001,0.093801,0.013612096551724141,0.11667088990714068,1000,88,LHC
263,1.5483,0.06296799999999995,0.005996699999999996,0.07743836258599478,1000,88,Orthogonal
264,1.5536999999999996,0.0774349999999999,0.006521803448275857,0.08075768352470158,1000,89,Random
265,1.5441,0.09370199999999998,0.012863265517241379,0.11341633708263275,1000,89,LHC
266,1.5540000000000005,0.06280199999999991,0.004934482758620686,0.07024587360564809,1000,89,Orthogonal
267,1.5554999999999999,0.09003499999999992,0.010988534482758617,0.10482621085758378,1000,90,Random
268,1.5384,0.10886799999999999,0.016383972413793108,0.12799989224133396,1000,90,LHC
269,1.5495000000000003,0.060701999999999916,0.004324189655172407,0.06575857096358168,1000,90,Orthogonal
270,1.5591,0.10090199999999992,0.011751610344827586,0.10840484465570524,1000,91,Random
271,1.5393000000000001,0.085101,0.011795182758620688,0.10860562949783353,1000,91,LHC
272,1.5258,0.04826799999999994,0.004093199999999994,0.06397812126031831,1000,91,Orthogonal
273,1.5546,0.09753499999999996,0.014953903448275864,0.12228615395160591,1000,92,Random
274,1.5614999999999999,0.08970299999999988,0.009556603448275861,0.09775788177060642,1000,92,LHC
275,1.5531000000000001,0.06090299999999993,0.004595679310344824,0.06779143980138513,1000,92,Orthogonal
276,1.5555000000000005,0.10630199999999994,0.013524672413793107,0.11629562508449365,1000,93,Random
277,1.5657,0.10743499999999993,0.014392768965517246,0.11996986690630797,1000,93,LHC
278,1.5465000000000002,0.06736899999999993,0.0048995689655172365,0.06999692111455501,1000,93,Orthogonal
279,1.5384,0.09273499999999994,0.011825627586206897,0.1087457014608251,1000,94,Random
280,1.5252000000000003,0.07486599999999997,0.009645889655172414,0.09821349018934422,1000,94,LHC
281,1.5531,0.07276899999999992,0.00656202413793103,0.08100632159239815,1000,94,Orthogonal
282,1.5594000000000001,0.10226799999999996,0.013015489655172414,0.11408544891953756,1000,95,Random
283,1.5411000000000001,0.10083499999999998,0.017080851724137938,0.13069373253579505,1000,95,LHC
284,1.5518999999999996,0.062434999999999956,0.005126368965517236,0.07159866594788786,1000,95,Orthogonal
285,1.5078000000000003,0.120399,0.02225395862068966,0.1491776076383103,1000,96,Random
286,1.5450000000000002,0.089068,0.011101655172413794,0.10536439233637611,1000,96,LHC
287,1.5345000000000004,0.05003599999999995,0.003746948275862066,0.06121232127490401,1000,96,Orthogonal
288,1.5488999999999997,0.09116799999999994,0.01202905862068966,0.10967706515352087,1000,97,Random
289,1.5258,0.07880099999999995,0.009405682758620687,0.09698289931024277,1000,97,LHC
290,1.5336000000000003,0.06340199999999994,0.005360524137931032,0.07321560037267352,1000,97,Orthogonal
291,1.5692999999999997,0.10796800000000001,0.014532424137931042,0.12055050451130862,1000,98,Random
292,1.5564,0.09760199999999997,0.012931696551724136,0.11371761759606176,1000,98,LHC
293,1.5402,0.06140099999999995,0.005087544827586202,0.07132702732895997,1000,98,Orthogonal
294,1.5144000000000004,0.09606699999999997,0.014082455172413797,0.11866952082322485,1000,99,Random
295,1.5132,0.08279999999999997,0.011036855172413795,0.10505643803410525,1000,99,LHC
296,1.5543000000000005,0.07403599999999992,0.006464079310344824,0.08039949819709588,1000,99,Orthogonal
297,1.5584999999999996,0.103034,0.014144741379310344,0.11893166684828034,1000,100,Random
298,1.5288,0.09013399999999998,0.011701613793103449,0.10817399776796385,1000,100,LHC
299,1.5525,0.06383599999999992,0.005450741379310342,0.07382913638469803,1000,100,Orthogonal
300,1.5363,0.09536799999999997,0.014262424137931027,0.11942539151257167,1000,101,Random
301,1.5402,0.096201,0.0136623724137931,0.11688615150561293,1000,101,LHC
302,1.5315,0.06236799999999994,0.005156534482758614,0.07180901393807475,1000,101,Orthogonal
303,1.5753,0.10290299999999995,0.012135941379310346,0.11016324876886277,1000,102,Random
304,1.5495000000000003,0.10236699999999997,0.015496603448275864,0.12448535435253363,1000,102,LHC
305,1.5324000000000002,0.06806799999999998,0.006423765517241378,0.08014839684760625,1000,102,Orthogonal
306,1.5699,0.08610299999999996,0.009103748275862068,0.09541356442279089,1000,103,Random
307,1.5480000000000003,0.07826799999999995,0.011239448275862067,0.10601626420442321,1000,103,LHC
308,1.5345000000000002,0.06963499999999997,0.006998120689655171,0.08365477087204991,1000,103,Orthogonal
309,1.5612,0.09640199999999997,0.014265682758620692,0.11943903364738302,1000,104,Random
310,1.5696,0.09280199999999991,0.009198248275862068,0.09590749853823771,1000,104,LHC
311,1.5479999999999998,0.06813499999999996,0.006077793103448273,0.07796020204853418,1000,104,Orthogonal
312,1.5626999999999998,0.08590199999999995,0.009722699999999999,0.09860375246409235,1000,105,Random
313,1.5423,0.06930299999999992,0.008186493103448269,0.09047924128466302,1000,105,LHC
314,1.5726000000000002,0.07686999999999994,0.00461942068965517,0.06796632025978139,1000,105,Orthogonal
315,1.5195000000000003,0.07983499999999995,0.011558327586206901,0.10750966275738615,1000,106,Random
316,1.5516000000000003,0.090734,0.011270731034482753,0.10616369923134156,1000,106,LHC
317,1.5408,0.05193499999999994,0.004080165517241377,0.06387617331400948,1000,106,Orthogonal
318,1.5207000000000004,0.10583299999999994,0.016493182758620686,0.1284257869690534,1000,107,Random
319,1.5474,0.08553499999999996,0.010507282758620694,0.1025050377231319,1000,107,LHC
320,1.5519000000000003,0.051835999999999896,0.0030036103448275813,0.054805203629104245,1000,107,Orthogonal
321,1.5594,0.10180199999999993,0.013339489655172416,0.11549670841704718,1000,108,Random
322,1.5471,0.08576799999999994,0.00890636896551724,0.09437356073348743,1000,108,LHC
323,1.5414,0.06506799999999996,0.006557834482758617,0.08098045741262899,1000,108,Orthogonal
324,1.5134999999999998,0.090099,0.013278879310344825,0.11523401976128762,1000,109,Random
325,1.5306000000000004,0.06693499999999997,0.008110799999999998,0.09005998001332222,1000,109,LHC
326,1.5375,0.06490199999999992,0.005290603448275858,0.07273653448079485,1000,109,Orthogonal
327,1.5387,0.07123399999999996,0.007359734482758619,0.08578889486850043,1000,110,Random
328,1.5543,0.08110199999999997,0.008363389655172417,0.09145156999840089,1000,110,LHC
329,1.5330000000000004,0.05720099999999995,0.0045211034482758585,0.06723915115671716,1000,110,Orthogonal
330,1.5522,0.09073399999999995,0.011578717241379315,0.10760444805573473,1000,111,Random
331,1.5737999999999996,0.08920199999999993,0.007847131034482755,0.08858403374470343,1000,111,LHC
332,1.5249,0.05030099999999999,0.003668368965517241,0.060567061721015,1000,111,Orthogonal
333,1.5686999999999998,0.11130299999999994,0.01647456206896551,0.12835327058149126,1000,112,Random
334,1.5323999999999998,0.09613400000000001,0.013523834482758623,0.11629202243816479,1000,112,LHC
335,1.5498,0.06746799999999994,0.005985062068965512,0.07736318290353307,1000,112,Orthogonal
336,1.5642,0.09513499999999994,0.01296782068965517,0.11387633946371463,1000,113,Random
337,1.5494999999999999,0.10196799999999996,0.015854120689655173,0.12591314740588122,1000,113,LHC
338,1.5585,0.07343599999999993,0.0059721206896551715,0.0772794972140423,1000,113,Orthogonal
339,1.5324000000000002,0.10446699999999996,0.015769489655172417,0.12557662861843527,1000,114,Random
340,1.5332999999999999,0.09583399999999996,0.012521389655172407,0.11189901543432992,1000,114,LHC
341,1.5473999999999999,0.05746899999999992,0.004323351724137927,0.06575219938631656,1000,114,Orthogonal
342,1.5126,0.102667,0.01693142068965518,0.1301207926876223,1000,115,Random
343,1.53,0.09020099999999998,0.014026965517241386,0.11843549095284481,1000,115,LHC
344,1.5317999999999998,0.06433399999999995,0.005940372413793097,0.07707381146532911,1000,115,Orthogonal
345,1.533,0.05939999999999997,0.005509862068965511,0.07422844514716384,1000,116,Random
346,1.5152999999999999,0.07956699999999998,0.010175182758620692,0.10087211090594214,1000,116,LHC
347,1.5312,0.053134999999999946,0.004629475862068964,0.06804025177840661,1000,116,Orthogonal
348,1.5401999999999998,0.06420299999999991,0.006556717241379305,0.08097355890276346,1000,117,Random
349,1.5237,0.09763399999999996,0.013564148275862073,0.11646522346117777,1000,117,LHC
350,1.5428999999999997,0.05703499999999995,0.004428093103448272,0.06654391860604748,1000,117,Orthogonal
351,1.5795000000000001,0.10223599999999991,0.01017108620689655,0.1008518031911009,1000,118,Random
352,1.5801,0.11823499999999999,0.01787409310344828,0.13369402792738455,1000,118,LHC
353,1.5246,0.05406699999999998,0.004712524137931034,0.06864782689882494,1000,118,Orthogonal
354,1.551,0.08973499999999997,0.012140689655172414,0.11018479774983668,1000,119,Random
355,1.5249000000000001,0.07963399999999998,0.009053472413793106,0.09514973680359345,1000,119,LHC
356,1.5417,0.05476899999999991,0.004302217241379305,0.06559128937122143,1000,119,Orthogonal
357,1.557,0.10940099999999996,0.015038068965517239,0.12262980455630368,1000,120,Random
358,1.5348,0.07420199999999995,0.007785682758620685,0.08823651601588021,1000,120,LHC
359,1.4945999999999997,0.059799,0.0052562482758620665,0.0724999881093926,1000,120,Orthogonal
360,1.5356999999999998,0.07676799999999995,0.00836525172413793,0.09146175006054678,1000,121,Random
361,1.5402,0.09200099999999994,0.013081406896551727,0.11437397823172772,1000,121,LHC
362,1.5320999999999998,0.06963499999999995,0.006271541379310345,0.07919306395960662,1000,121,Orthogonal
363,1.5398999999999998,0.07996899999999992,0.008448299999999997,0.09191463430814484,1000,122,Random
364,1.5671999999999997,0.09653599999999993,0.012187613793103453,0.11039752620916582,1000,122,LHC
365,1.5335999999999999,0.06640199999999992,0.00584093793103448,0.07642602914606043,1000,122,Orthogonal
366,1.5399,0.07076799999999993,0.007716506896551717,0.08784365029159318,1000,123,Random
367,1.5237,0.09103399999999998,0.012150837931034478,0.11023083929207143,1000,123,LHC
368,1.5393,0.057567999999999966,0.0047900793103448245,0.06921039885988828,1000,123,Orthogonal
369,1.5591,0.09223399999999995,0.009729403448275862,0.09863773845884678,1000,124,Random
370,1.5083999999999993,0.09899999999999999,0.015555351724137932,0.12472109574622062,1000,124,LHC
371,1.5462,0.05926899999999991,0.004214234482758616,0.0649171355094987,1000,124,Orthogonal
372,1.5534,0.07533499999999994,0.007041972413793097,0.08391646092271228,1000,125,Random
373,1.5443999999999998,0.09026799999999999,0.013499627586206897,0.11618789776137142,1000,125,LHC
374,1.5420000000000003,0.049601999999999924,0.0028061379310344785,0.05297299246818588,1000,125,Orthogonal
375,1.4982,0.07140000000000005,0.008785613793103459,0.09373160509189768,1000,126,Random
376,1.5606000000000002,0.12640199999999996,0.019672386206896552,0.1402582839154128,1000,126,LHC
377,1.5278999999999998,0.043633999999999964,0.0027857482758620643,0.052780188289376764,1000,126,Orthogonal
378,1.5308999999999997,0.06823399999999996,0.0069176793103448275,0.08317258749338527,1000,127,Random
379,1.5210000000000004,0.09020099999999996,0.012686275862068967,0.11263336922097716,1000,127,LHC
380,1.5575999999999999,0.07286799999999995,0.0057478344827586155,0.07581447409801519,1000,127,Orthogonal
381,1.5495000000000003,0.07263499999999996,0.007469224137931036,0.08642467320118159,1000,128,Random
382,1.5453,0.07730099999999993,0.00795001034482758,0.08916283051152862,1000,128,LHC
383,1.5669000000000002,0.06750299999999992,0.005604920689655172,0.07486601825698473,1000,128,Orthogonal
384,1.5105,0.075833,0.009569637931034481,0.09782452622443147,1000,129,Random
385,1.5077999999999998,0.08406699999999998,0.011466993103448276,0.10708404691385302,1000,129,LHC
386,1.5143999999999997,0.056466999999999976,0.004664110344827585,0.06829429218337053,1000,129,Orthogonal
387,1.5726000000000004,0.09746799999999996,0.012887006896551723,0.11352095355726943,1000,130,Random
388,1.5429000000000002,0.09776799999999995,0.01494133448275861,0.12223475153473586,1000,130,LHC
389,1.5402,0.05733499999999994,0.005908717241379308,0.07686818094230738,1000,130,Orthogonal
390,1.5411,0.08890199999999995,0.010975127586206895,0.10476224313275702,1000,131,Random
391,1.5233999999999999,0.07346799999999996,0.00798231724137931,0.08934381479083658,1000,131,LHC
392,1.5551999999999997,0.07186899999999995,0.006113544827586202,0.07818916055046378,1000,131,Orthogonal
393,1.5255,0.090166,0.012003362068965523,0.1095598561014276,1000,132,Random
394,1.5243,0.07596699999999997,0.009650079310344827,0.09823481720013952,1000,132,LHC
395,1.5246,0.056801999999999936,0.005114731034482754,0.07151734778697232,1000,132,Orthogonal
396,1.5248999999999995,0.09223399999999998,0.012779472413793104,0.11304632861704578,1000,133,Random
397,1.5155999999999998,0.0822,0.012103075862068957,0.11001398030281859,1000,133,LHC
398,1.5348,0.06200099999999996,0.005718786206896548,0.0756226567035075,1000,133,Orthogonal
399,1.5317999999999998,0.08420099999999993,0.01030878620689655,0.10153219295817731,1000,134,Random
400,1.5639,0.09676899999999995,0.011483472413793102,0.10716096497229344,1000,134,LHC
401,1.5588000000000002,0.060002999999999904,0.004940441379310343,0.07028827341249992,1000,134,Orthogonal
402,1.5459,0.08763499999999998,0.013231955172413799,0.11503023590523406,1000,135,Random
403,1.5756000000000001,0.09886899999999993,0.010680455172413793,0.10334628765666329,1000,135,LHC
404,1.5150000000000001,0.04886799999999998,0.004107724137931034,0.06409152937737586,1000,135,Orthogonal
405,1.53,0.099466,0.017384275862068962,0.13184944392021136,1000,136,Random
406,1.5189000000000006,0.06410099999999999,0.007902713793103451,0.08889720914125174,1000,136,LHC
407,1.5453,0.05930099999999994,0.005257458620689651,0.07250833483600111,1000,136,Orthogonal
408,1.5129,0.08850000000000001,0.011883817241379312,0.10901292235959603,1000,137,Random
409,1.5417,0.07396899999999995,0.00857007931034483,0.09257472284778837,1000,137,LHC
410,1.5363000000000002,0.05510099999999991,0.004129044827586199,0.06425764411792732,1000,137,Orthogonal
411,1.5252000000000001,0.07826799999999998,0.011411131034482757,0.10682289564734124,1000,138,Random
412,1.5375,0.06896799999999996,0.0072569482758620685,0.08518772373917541,1000,138,LHC
413,1.5333,0.05570099999999995,0.004052699999999997,0.06366081997586896,1000,138,Orthogonal
414,1.5515999999999999,0.0706019999999999,0.006433075862068963,0.08020645773295915,1000,139,Random
415,1.5243,0.08150099999999998,0.009795320689655176,0.09897131245798035,1000,139,LHC
416,1.5666,0.07793599999999991,0.006624868965517237,0.08139329803808934,1000,139,Orthogonal
417,1.5443999999999996,0.08433499999999995,0.013784524137931036,0.11740751312386714,1000,140,Random
418,1.5815999999999997,0.10620299999999995,0.011334041379310352,0.10646145489946279,1000,140,LHC
419,1.5372,0.06700199999999996,0.0057783724137931035,0.07601560638311783,1000,140,Orthogonal
420,1.5633000000000001,0.08663599999999991,0.008447182758620685,0.09190855650384618,1000,141,Random
421,1.5366,0.094267,0.012037903448275865,0.10971737988247744,1000,141,LHC
422,1.5369000000000002,0.0553019999999999,0.003422575862068959,0.05850278507959223,1000,141,Orthogonal
423,1.5372,0.08420099999999994,0.009498786206896552,0.09746171662194625,1000,142,Random
424,1.5516,0.08620199999999993,0.011807006896551717,0.10866005198117529,1000,142,LHC
425,1.5144,0.04859999999999996,0.003580386206896547,0.059836328487771935,1000,142,Orthogonal
426,1.5276,0.10040099999999998,0.014635489655172421,0.1209772278371943,1000,143,Random
427,1.5378,0.10580099999999996,0.014444441379310348,0.12018502976373699,1000,143,LHC
428,1.5224999999999997,0.06449999999999996,0.00567605172413793,0.07533957608148542,1000,143,Orthogonal
429,1.5150000000000003,0.07499999999999997,0.009425793103448273,0.09708652379938357,1000,144,Random
430,1.5830999999999997,0.10056999999999995,0.014190920689655172,0.11912565084672223,1000,144,LHC
431,1.5191999999999999,0.05579999999999998,0.0057727862068965505,0.07597885368243291,1000,144,Orthogonal
432,1.566,0.09040199999999995,0.010948965517241378,0.10463730461571236,1000,145,Random
433,1.5228000000000004,0.07806699999999998,0.01026968275862069,0.10133944325197711,1000,145,LHC
434,1.5285000000000002,0.04976799999999997,0.0037320517241379294,0.061090520738801446,1000,145,Orthogonal
435,1.5372,0.06206799999999997,0.0055940275862068935,0.07479323222195236,1000,146,Random
436,1.5353999999999997,0.09693499999999995,0.01369514482758621,0.11702625700066721,1000,146,LHC
437,1.5323999999999998,0.06680099999999996,0.006524317241379307,0.08077324582669256,1000,146,Orthogonal
438,1.5015,0.086499,0.012083431034482754,0.10992466072034407,1000,147,Random
439,1.5258000000000003,0.0804,0.00970733793103448,0.09852582367600121,1000,147,LHC
440,1.5309,0.06290099999999997,0.005839541379310343,0.07641689197625315,1000,147,Orthogonal
441,1.5519,0.09236799999999999,0.013427472413793107,0.11587697102441497,1000,148,Random
442,1.5507,0.08523499999999996,0.010285044827586206,0.10141521004063546,1000,148,LHC
443,1.5278999999999998,0.04856799999999994,0.004238162068965514,0.06510116795392779,1000,148,Orthogonal
444,1.518,0.06253399999999999,0.006543310344827585,0.08089073089561984,1000,149,Random
445,1.5204,0.09733399999999999,0.01631135172413794,0.12771590239331176,1000,149,LHC
446,1.5405000000000002,0.07910099999999991,0.007888189655172406,0.08881548094320273,1000,149,Orthogonal
447,1.5087000000000002,0.068566,0.007666975862068967,0.08756126918945938,1000,150,Random
448,1.5555,0.09183499999999993,0.011446603448275857,0.10698880057405942,1000,150,LHC
449,1.5387000000000006,0.06956799999999994,0.006532975862068961,0.08082682637632732,1000,150,Orthogonal
450,1.5255,0.08383399999999996,0.011495017241379312,0.10721481819869542,1000,151,Random
451,1.5666,0.09113599999999988,0.010557558620689649,0.10274998112257563,1000,151,LHC
452,1.5147,0.04883299999999999,0.003860906896551723,0.06213619634763398,1000,151,Orthogonal
453,1.5069000000000001,0.083033,0.011293541379310344,0.10627107498896557,1000,152,Random
454,1.5639,0.08823499999999997,0.014002851724137929,0.11833364578232992,1000,152,LHC
455,1.5222,0.054267999999999955,0.004327820689655168,0.06578617400073641,1000,152,Orthogonal
456,1.5717,0.10516899999999992,0.01380063103448276,0.11747608707512673,1000,153,Random
457,1.4856000000000005,0.09639899999999998,0.01381990344827586,0.11755808542280646,1000,153,LHC
458,1.5261,0.05690099999999996,0.004528644827586204,0.06729520657213413,1000,153,Orthogonal
459,1.5255,0.07616799999999996,0.008646051724137927,0.09298414770345495,1000,154,Random
460,1.5507,0.09783499999999995,0.012430148275862066,0.11149057482972301,1000,154,LHC
461,1.5074999999999998,0.05136699999999998,0.004461982758620688,0.06679807451282326,1000,154,Orthogonal
462,1.5393000000000001,0.07383499999999996,0.0072424241379310346,0.08510243320805248,1000,155,Random
463,1.5594000000000003,0.09933499999999998,0.011155282758620693,0.10561857203456546,1000,155,LHC
464,1.5288,0.061467999999999946,0.005802579310344823,0.07617466317841401,1000,155,Orthogonal
465,1.5192,0.088867,0.013152165517241386,0.11468289112697407,1000,156,Random
466,1.5398999999999998,0.08756799999999997,0.010230300000000001,0.10114494549902137,1000,156,LHC
467,1.5473999999999997,0.07400099999999996,0.006546662068965514,0.08091144584646547,1000,156,Orthogonal
468,1.5327000000000004,0.06596799999999996,0.008760010344827589,0.09359492691822345,1000,157,Random
469,1.5387000000000002,0.0816349999999999,0.010080217241379308,0.10040028506622532,1000,157,LHC
470,1.5173999999999999,0.05473399999999996,0.004846593103448275,0.06961747699714688,1000,157,Orthogonal
471,1.5279,0.08083399999999993,0.009489196551724137,0.09741250716270543,1000,158,Random
472,1.5476999999999999,0.07936899999999993,0.007270355172413787,0.08526637773714671,1000,158,LHC
473,1.5477,0.06663499999999994,0.006197803448275859,0.0787261293871092,1000,158,Orthogonal
474,1.5528000000000004,0.08433499999999992,0.012768579310344823,0.11299813852601653,1000,159,Random
475,1.53,0.08240099999999992,0.01024510344827586,0.10121809842254427,1000,159,LHC
476,1.5243,0.05450099999999996,0.0044493206896551694,0.06670322848000065,1000,159,Orthogonal
477,1.5606,0.08613499999999993,0.012225972413793104,0.11057111925721429,1000,160,Random
478,1.5435,0.06856899999999992,0.005830603448275858,0.07635838819851987,1000,160,LHC
479,1.5420000000000003,0.05580299999999992,0.004191517241379308,0.06474192800171545,1000,160,Orthogonal
480,1.5144000000000004,0.09980099999999999,0.015836524137931032,0.12584325225426682,1000,161,Random
481,1.5264000000000002,0.08353400000000001,0.012806937931034492,0.11316774244913827,1000,161,LHC
482,1.5243000000000002,0.05810099999999994,0.004756562068965513,0.06896783358179023,1000,161,Orthogonal
483,1.5156000000000003,0.10200000000000002,0.01564473103448276,0.1250788992375723,1000,162,Random
484,1.575,0.10646799999999995,0.012278482758620686,0.11080831538571771,1000,162,LHC
485,1.4969999999999999,0.05493200000000001,0.005766827586206897,0.0759396311961475,1000,162,Orthogonal
486,1.5473999999999999,0.08560199999999994,0.009982179310344829,0.09991085681919072,1000,163,Random
487,1.5288,0.07873399999999994,0.010076027586206893,0.10037941814040811,1000,163,LHC
488,1.5198,0.04499999999999998,0.00309326896551724,0.05561716430668899,1000,163,Orthogonal
489,1.5021,0.07403300000000002,0.00892871379310345,0.09449187157159843,1000,164,Random
490,1.5318000000000003,0.09626799999999998,0.015308441379310337,0.12372728631676336,1000,164,LHC
491,1.5363,0.04983499999999995,0.0034363551724137897,0.05862043306231872,1000,164,Orthogonal
492,1.5105000000000002,0.06503299999999997,0.007865844827586206,0.08868959819272047,1000,165,Random
493,1.5455999999999999,0.087667,0.013797558620689657,0.11746300958467588,1000,165,LHC
494,1.5155999999999998,0.05339999999999994,0.004505834482758615,0.06712551290499474,1000,165,Orthogonal
495,1.5345000000000002,0.08223499999999992,0.010014672413793108,0.10007333517872334,1000,166,Random
496,1.5162,0.08353399999999998,0.011316165517241376,0.10637746714996262,1000,166,LHC
497,1.5006,0.049732999999999986,0.0037479724137931022,0.06122068615911702,1000,166,Orthogonal
498,1.5260999999999998,0.08143399999999999,0.01008133448275862,0.10040584884735859,1000,167,Random
499,1.5231000000000003,0.08030099999999993,0.010170713793103447,0.10084995683243224,1000,167,LHC
500,1.5414,0.06153499999999992,0.005379144827586203,0.0733426535352124,1000,167,Orthogonal
501,1.5342,0.10520099999999998,0.016528096551724134,0.12856164494795536,1000,168,Random
502,1.5345,0.09276699999999997,0.01242791379310345,0.11148055343019898,1000,168,LHC
503,1.5384,0.06340199999999993,0.004999282758620684,0.07070560627433078,1000,168,Orthogonal
504,1.5353999999999999,0.07393399999999994,0.008215075862068964,0.09063705567850802,1000,169,Random
505,1.5005999999999997,0.08886699999999997,0.011697144827586207,0.10815333941948445,1000,169,LHC
506,1.5468000000000002,0.061534999999999916,0.004327820689655169,0.06578617400073643,1000,169,Orthogonal
507,1.5144,0.10086699999999998,0.013574110344827587,0.11650798403898158,1000,170,Random
508,1.5669000000000002,0.09190199999999996,0.008928713793103445,0.0944918715715984,1000,170,LHC
509,1.5416999999999998,0.06370199999999994,0.004978148275862063,0.07055599390457244,1000,170,Orthogonal
510,1.5291000000000001,0.08756799999999994,0.01035878275862069,0.1017781054973057,1000,171,Random
511,1.5263999999999998,0.08193500000000001,0.011047282758620693,0.10510605481427172,1000,171,LHC
512,1.5396,0.0633349999999999,0.00456355862068965,0.06755411623794401,1000,171,Orthogonal
513,1.5437999999999998,0.10640099999999997,0.014908096551724138,0.12209871642127995,1000,172,Random
514,1.5395999999999999,0.09920099999999996,0.014920386206896542,0.12214903277102337,1000,172,LHC
515,1.5456,0.05740199999999995,0.0047199724137931,0.06870205538259463,1000,172,Orthogonal
516,1.5278999999999998,0.06843499999999995,0.006953058620689653,0.08338500237266683,1000,173,Random
517,1.5096,0.08333300000000002,0.01105473103448276,0.10514148103618648,1000,173,LHC
518,1.5453,0.05590199999999992,0.0032520103448275815,0.05702640041969668,1000,173,Orthogonal
519,1.5069000000000004,0.0819,0.009790851724137932,0.09894873280713569,1000,174,Random
520,1.5750000000000002,0.09293599999999991,0.009954620689655172,0.09977284545233324,1000,174,LHC
521,1.5387,0.06356799999999993,0.005276079310344822,0.07263662513047273,1000,174,Orthogonal
522,1.5198,0.07679999999999998,0.01033857931034483,0.10167880462684852,1000,175,Random
523,1.5332999999999999,0.08930099999999994,0.011013113793103447,0.10494338375097044,1000,175,LHC
524,1.5291000000000001,0.06590099999999997,0.006487541379310345,0.08054527533822418,1000,175,Orthogonal
525,1.5542999999999998,0.09096699999999999,0.011458148275862064,0.1070427404164433,1000,176,Random
526,1.5321,0.06490199999999995,0.005763196551724133,0.07591572005667953,1000,176,LHC
527,1.5171000000000001,0.04983499999999994,0.004618024137931034,0.06795604563194531,1000,176,Orthogonal
528,1.5144,0.09720000000000001,0.016596248275862067,0.12882642693120874,1000,177,Random
529,1.5554999999999999,0.08216799999999999,0.009591982758620691,0.09793866835229428,1000,177,LHC
530,1.5135,0.06176799999999994,0.006083844827586204,0.07799900529869727,1000,177,Orthogonal
531,1.5246,0.075734,0.008069834482758623,0.08983225747335209,1000,178,Random
532,1.536,0.07213399999999996,0.008275034482758622,0.09096721652748654,1000,178,LHC
533,1.5288000000000002,0.05233399999999995,0.004232855172413788,0.0650603963438111,1000,178,Orthogonal
534,1.5195,0.081967,0.010798603448275858,0.10391632907428869,1000,179,Random
535,1.5501,0.11923399999999999,0.02017002413793104,0.1420212101692245,1000,179,LHC
536,1.5278999999999996,0.06336699999999997,0.0057240931034482695,0.07565773657365299,1000,179,Orthogonal
537,1.5095999999999996,0.10006599999999999,0.015970593103448276,0.12637481198185133,1000,180,Random
538,1.5246,0.083601,0.011471834482758627,0.10710665003984872,1000,180,LHC
539,1.5147000000000002,0.05750099999999995,0.0053133206896551705,0.07289252835274114,1000,180,Orthogonal
540,1.5191999999999999,0.09659999999999999,0.01427499310344827,0.11947800259231099,1000,181,Random
541,1.5792,0.09646899999999992,0.009897268965517242,0.09948501879940136,1000,181,LHC
542,1.5408,0.052467999999999945,0.003940510344827582,0.0627734844088456,1000,181,Orthogonal
543,1.5024000000000002,0.080799,0.010077144827586208,0.100384983078079,1000,182,Random
544,1.4931000000000003,0.06909900000000001,0.007722093103448276,0.08787544084355012,1000,182,LHC
545,1.5318,0.07346799999999999,0.008186027586206896,0.09047666873955348,1000,182,Orthogonal
546,1.5282000000000004,0.08720099999999992,0.013833682758620682,0.117616677212973,1000,183,Random
547,1.5453,0.06916899999999991,0.005592631034482755,0.07478389555567934,1000,183,LHC
548,1.5288000000000002,0.06746799999999994,0.00579699310344827,0.07613798725635101,1000,183,Orthogonal
549,1.5117000000000003,0.079232,0.011549389655172413,0.10746808668238406,1000,184,Random
550,1.5489000000000002,0.11023399999999998,0.014777472413793107,0.12156262753738546,1000,184,LHC
551,1.5321,0.06010199999999992,0.00509843793103448,0.07140334677754594,1000,184,Orthogonal
552,1.4946,0.08866600000000001,0.013294800000000002,0.11530307888343659,1000,185,Random
553,1.4891999999999996,0.08019899999999999,0.009472717241379311,0.09732788521990658,1000,185,LHC
554,1.5084000000000004,0.052933999999999974,0.004762799999999999,0.06901304224565093,1000,185,Orthogonal
555,1.5132000000000003,0.07439999999999997,0.009338648275862067,0.09663668183387748,1000,186,Random
556,1.5066,0.07340099999999998,0.00829886896551724,0.09109812822180947,1000,186,LHC
557,1.5186000000000002,0.05713399999999995,0.004848455172413788,0.06963084928689142,1000,186,Orthogonal
558,1.5336,0.08666799999999997,0.01198576551724138,0.10947952099475673,1000,187,Random
559,1.5176999999999998,0.098834,0.014772631034482762,0.12154271279876372,1000,187,LHC
560,1.5345,0.06363499999999996,0.005383706896551723,0.07337374800670689,1000,187,Orthogonal
561,1.5108,0.08446600000000001,0.011461406896551727,0.1070579604539136,1000,188,Random
562,1.4961,0.09969900000000002,0.01538264482758621,0.12402679076548828,1000,188,LHC
563,1.5534000000000003,0.06006999999999988,0.00341652413793103,0.05845104052051623,1000,188,Orthogonal
564,1.5647999999999997,0.09620099999999994,0.012902648275862072,0.11358982470213638,1000,189,Random
565,1.5261000000000002,0.08863399999999996,0.013181679310344823,0.11481149467864628,1000,189,LHC
566,1.5377999999999998,0.06860099999999995,0.006752234482758617,0.08217198112957128,1000,189,Orthogonal
567,1.506,0.09466600000000001,0.013213241379310342,0.11494886419321568,1000,190,Random
568,1.5027,0.072833,0.008789803448275865,0.09375395164085547,1000,190,LHC
569,1.5386999999999997,0.05696799999999994,0.0051978724137931006,0.07209627184392478,1000,190,Orthogonal
570,1.5405000000000006,0.10330199999999999,0.015340189655172419,0.1238555192761809,1000,191,Random
571,1.5150000000000003,0.097733,0.014336068965517241,0.11973332437344768,1000,191,LHC
572,1.5324,0.057267999999999986,0.005669627586206893,0.07529692946068181,1000,191,Orthogonal
573,1.5384,0.06813499999999999,0.007708593103448275,0.08779859397193257,1000,192,Random
574,1.5300000000000002,0.10079999999999999,0.015172137931034486,0.12317523262017607,1000,192,LHC
575,1.5177,0.04363399999999996,0.0031253896551724095,0.05590518451067315,1000,192,Orthogonal
576,1.5438,0.08540099999999998,0.010511751724137928,0.10252683416617295,1000,193,Random
577,1.5329999999999997,0.08773399999999999,0.011280413793103447,0.10620929240468296,1000,193,LHC
578,1.512,0.06200099999999996,0.0061113103448275806,0.07817487028980337,1000,193,Orthogonal
579,1.512,0.07613299999999999,0.008965862068965517,0.09468823616989344,1000,194,Random
580,1.4943,0.09150000000000001,0.015973665517241383,0.1263869673551881,1000,194,LHC
581,1.5246000000000002,0.06493399999999998,0.006885558620689653,0.08297926620963608,1000,194,Orthogonal
582,1.5363,0.10676799999999996,0.01846883793103448,0.1359001027631491,1000,195,Random
583,1.5215999999999998,0.08466699999999999,0.009674937931034482,0.09836126234974052,1000,195,LHC
584,1.5185999999999997,0.05166699999999997,0.005071903448275859,0.07121729739519649,1000,195,Orthogonal
585,1.5015,0.05956599999999999,0.0061732241379310335,0.07856986787522958,1000,196,Random
586,1.5108000000000001,0.08706699999999999,0.012221131034482762,0.11054922448612094,1000,196,LHC
587,1.5222000000000002,0.06146799999999996,0.005478579310344826,0.07401742572087215,1000,196,Orthogonal
588,1.5344999999999998,0.08436700000000001,0.00994205172413793,0.09970983764974212,1000,197,Random
589,1.5252000000000003,0.05840099999999994,0.0065064413793103435,0.08066251532967679,1000,197,LHC
590,1.5323999999999998,0.06080099999999995,0.0063679034482758586,0.0797991444081693,1000,197,Orthogonal
591,1.5576,0.09793399999999997,0.013719351724137938,0.11712963640402005,1000,198,Random
592,1.5090000000000001,0.09366700000000003,0.013827724137931041,0.11759134380527778,1000,198,LHC
593,1.5285,0.07370099999999996,0.007614465517241377,0.08726090486146346,1000,198,Orthogonal
594,1.5162,0.071266,0.008673889655172413,0.09313371921690024,1000,199,Random
595,1.5294,0.10580099999999994,0.014780731034482757,0.12157602985162312,1000,199,LHC
596,1.5249000000000001,0.04976799999999995,0.0035175413793103395,0.059308864255778325,1000,199,Orthogonal
597,1.5524999999999995,0.09596799999999993,0.0118078448275862,0.10866390765836742,1000,200,Random
598,1.5480000000000003,0.08793499999999996,0.010261862068965517,0.10130084930031691,1000,200,LHC
599,1.5330000000000001,0.05920199999999994,0.004789241379310342,0.06920434508981602,1000,200,Orthogonal
600,1.533,0.06133399999999996,0.005604827586206894,0.07486539645394856,1000,201,Random
601,1.5327000000000006,0.08396799999999999,0.011726286206896554,0.10828797812729055,1000,201,LHC
602,1.5408000000000002,0.06580199999999993,0.005923613793103446,0.07696501668357804,1000,201,Orthogonal
603,1.5045000000000002,0.07109999999999997,0.00903894827586207,0.09507338363528496,1000,202,Random
604,1.5651000000000002,0.08710199999999992,0.010721886206896547,0.10354654125994044,1000,202,LHC
605,1.5246,0.06146799999999995,0.00558955862068965,0.07476335078559314,1000,202,Orthogonal
606,1.5411000000000001,0.08590199999999995,0.011293541379310348,0.10627107498896558,1000,203,Random
607,1.5234,0.07866699999999997,0.009395627586206897,0.09693104552312895,1000,203,LHC
608,1.5405,0.05103499999999992,0.0031454999999999947,0.05608475728751971,1000,203,Orthogonal
609,1.5327,0.09703399999999997,0.01249159655172414,0.11176581119342417,1000,204,Random
610,1.5156,0.09120000000000002,0.012745489655172417,0.11289592399715952,1000,204,LHC
611,1.5171000000000001,0.04016799999999994,0.0026740241379310287,0.05171096728868092,1000,204,Orthogonal
612,1.5210000000000001,0.09113299999999998,0.01285944827586207,0.11339950738809261,1000,205,Random
613,1.515,0.08406700000000003,0.012112758620689664,0.11005797845085864,1000,205,LHC
614,1.5231,0.05983399999999995,0.005053748275862063,0.07108971990282464,1000,205,Orthogonal
615,1.5009000000000001,0.07529999999999998,0.009690299999999999,0.09843932141172042,1000,206,Random
616,1.5080999999999998,0.09083299999999997,0.012265541379310348,0.11074990464695826,1000,206,LHC
617,1.5017999999999998,0.06293300000000002,0.00645057931034483,0.08031549856873722,1000,206,Orthogonal
618,1.5516,0.10886799999999995,0.01835404137931034,0.1354770880234379,1000,207,Random
619,1.5387,0.08390099999999998,0.011141596551724142,0.10555376142859212,1000,207,LHC
620,1.5009000000000003,0.060366999999999976,0.0051151965517241375,0.0715206022886003,1000,207,Orthogonal
621,1.5081,0.106433,0.016159127586206905,0.12711855720628246,1000,208,Random
622,1.5114000000000003,0.096,0.012255765517241378,0.11070576099391295,1000,208,LHC
623,1.5411,0.0642349999999999,0.004523058620689648,0.06725368852850859,1000,208,Orthogonal
624,1.5458999999999998,0.08510099999999995,0.01149464482758621,0.10721308142006837,1000,209,Random
625,1.5405000000000004,0.11150099999999995,0.01906060344827586,0.13806014431498997,1000,209,LHC
626,1.5215999999999998,0.05673499999999994,0.004630593103448273,0.0680484614333658,1000,209,Orthogonal
627,1.5285,0.07296699999999998,0.008703775862068965,0.09329402908047742,1000,210,Random
628,1.5545999999999995,0.08920199999999996,0.010071558620689657,0.10035715530389279,1000,210,LHC
629,1.5144,0.04413499999999997,0.0036921103448275872,0.060762738128129046,1000,210,Orthogonal
630,1.5261,0.09830099999999999,0.015701058620689653,0.1253038651466492,1000,211,Random
631,1.5381,0.08470199999999997,0.011246989655172419,0.10605182532692409,1000,211,LHC
632,1.5239999999999998,0.053000999999999986,0.004074206896551722,0.06382951430609293,1000,211,Orthogonal
633,1.4969999999999999,0.08326599999999999,0.011358620689655168,0.10657682998501676,1000,212,Random
634,1.5267000000000002,0.08196699999999997,0.010353941379310342,0.10175431872559682,1000,212,LHC
635,1.5408,0.05866899999999994,0.0049907172413793085,0.07064500860909642,1000,212,Orthogonal
636,1.4961,0.08796699999999996,0.011544920689655175,0.1074472926120299,1000,213,Random
637,1.5123,0.08570099999999997,0.01361628620689655,0.11668884354083106,1000,213,LHC
638,1.5237,0.06276699999999998,0.005531182758620687,0.07437192184299588,1000,213,Orthogonal
639,1.5168,0.10026699999999998,0.014243337931034487,0.11934545626472123,1000,214,Random
640,1.4859000000000002,0.074633,0.008409196551724138,0.09170167147726446,1000,214,LHC
641,1.5087,0.07363399999999998,0.008108286206896553,0.09004602271559002,1000,214,Orthogonal
642,1.5201000000000002,0.08016699999999996,0.009280644827586206,0.09633610344822031,1000,215,Random
643,1.5264,0.07226799999999994,0.007522386206896551,0.0867316909030174,1000,215,LHC
644,1.5165000000000002,0.060433999999999974,0.005428396551724133,0.07367765300092106,1000,215,Orthogonal
645,1.5429,0.09843499999999991,0.012913541379310346,0.11363776387852036,1000,216,Random
646,1.5920999999999998,0.09443599999999994,0.007386920689655172,0.08594719710179717,1000,216,LHC
647,1.5429,0.05776899999999992,0.0031376793103448223,0.0560149918356222,1000,216,Orthogonal
648,1.5554999999999999,0.10916799999999999,0.016139017241379314,0.12703943183665187,1000,217,Random
649,1.4891999999999996,0.06713299999999998,0.006735475862068963,0.08206994493765037,1000,217,LHC
650,1.5177000000000003,0.06223399999999997,0.0051587689655172375,0.0718245707645875,1000,217,Orthogonal
651,1.5188999999999997,0.08076699999999999,0.010746093103448278,0.10366336432630516,1000,218,Random
652,1.509,0.08939999999999995,0.01165468965517241,0.10795688794686706,1000,218,LHC
653,1.5125999999999997,0.05593399999999994,0.005105420689655167,0.07145222662489369,1000,218,Orthogonal
654,1.5342,0.09326799999999995,0.011947406896551726,0.1093041943227785,1000,219,Random
655,1.5251999999999997,0.09066700000000001,0.011779820689655173,0.10853488236348337,1000,219,LHC
656,1.5261,0.05216799999999996,0.005226920689655169,0.07229744594143814,1000,219,Orthogonal
657,1.4979,0.07396599999999998,0.009170782758620686,0.09576420395231554,1000,220,Random
658,1.5099000000000002,0.07850099999999997,0.010924851724137931,0.10452201549978804,1000,220,LHC
659,1.5291,0.06710099999999995,0.006526644827586204,0.08078765269263741,1000,220,Orthogonal
660,1.5465000000000002,0.105967,0.016016120689655175,0.12655481298494806,1000,221,Random
661,1.4907000000000004,0.079899,0.008342906896551724,0.09133951443133319,1000,221,LHC
662,1.5123,0.041565999999999985,0.0028404931034482733,0.05329627663775654,1000,221,Orthogonal
663,1.5332999999999999,0.084434,0.010800837931034481,0.10392707987350785,1000,222,Random
664,1.5369,0.07683499999999993,0.008265817241379307,0.09091653997694428,1000,222,LHC
665,1.5446999999999997,0.06676899999999993,0.004957665517241374,0.07041069178215319,1000,222,Orthogonal
666,1.5341999999999998,0.06806799999999998,0.007182372413793105,0.08474887854003205,1000,223,Random
667,1.5257999999999998,0.09606699999999994,0.012757406896551724,0.11294869143355192,1000,223,LHC
668,1.5321,0.06830099999999995,0.005673817241379306,0.07532474521284029,1000,223,Orthogonal
669,1.5132,0.09420000000000002,0.014343889655172418,0.11976597870502464,1000,224,Random
670,1.4975999999999998,0.08393300000000001,0.013527558620689656,0.11630803334546438,1000,224,LHC
671,1.5035999999999998,0.05946699999999996,0.004887558620689651,0.06991107652360712,1000,224,Orthogonal
672,1.5312000000000003,0.08939999999999998,0.015092441379310347,0.12285129783323555,1000,225,Random
673,1.5636,0.0888029999999999,0.008557696551724139,0.09250781886805104,1000,225,LHC
674,1.5221999999999996,0.06966699999999995,0.007478441379310338,0.08647798204924961,1000,225,Orthogonal
675,1.5414,0.07820099999999996,0.010026868965517244,0.10013425470595587,1000,226,Random
676,1.5137999999999996,0.08366799999999998,0.011839406896551724,0.10880903867120471,1000,226,LHC
677,1.5351000000000001,0.06536799999999995,0.005841403448275858,0.07642907462658342,1000,226,Orthogonal
678,1.5141000000000002,0.06703399999999995,0.007003334482758616,0.08368592762680363,1000,227,Random
679,1.5032999999999999,0.0663,0.007119527586206894,0.08437729307228868,1000,227,LHC
680,1.5233999999999999,0.060532999999999976,0.005664041379310341,0.07525982579909643,1000,227,Orthogonal
681,1.5353999999999999,0.08766700000000001,0.012354455172413795,0.11115059681537386,1000,228,Random
682,1.5291,0.10603399999999998,0.019659817241379315,0.14021347025653175,1000,228,LHC
683,1.5219,0.06989999999999998,0.006945610344827582,0.08334032844204288,1000,228,Orthogonal
684,1.5173999999999999,0.0798,0.010874110344827588,0.10427900241576724,1000,229,Random
685,1.5246000000000002,0.084533,0.012253903448275864,0.11069735068318422,1000,229,LHC
686,1.5084000000000002,0.04259999999999999,0.0028858344827586186,0.053719963540183255,1000,229,Orthogonal
687,1.5159,0.08249999999999999,0.011209748275862068,0.10587609869966907,1000,230,Random
688,1.5371999999999997,0.06326799999999994,0.0056219586206896505,0.07497972139645259,1000,230,LHC
689,1.506,0.040266999999999976,0.0026888275862068938,0.051853906180796966,1000,230,Orthogonal
690,1.5081000000000002,0.07656699999999997,0.00901995517241379,0.09497344456432961,1000,231,Random
691,1.5080999999999998,0.0915,0.01610326551724138,0.12689864269266785,1000,231,LHC
692,1.5218999999999998,0.053300999999999946,0.004716713793103444,0.06867833568967323,1000,231,Orthogonal
693,1.5309000000000001,0.08816799999999995,0.013341817241379306,0.11550678439546011,1000,232,Random
694,1.5288000000000002,0.08593399999999998,0.011511682758620695,0.10729251026339487,1000,232,LHC
695,1.5353999999999999,0.06380099999999993,0.005120317241379306,0.07155639203718496,1000,232,Orthogonal
696,1.5216000000000003,0.09133399999999997,0.012367489655172407,0.11120921569354046,1000,233,Random
697,1.5173999999999994,0.08633299999999998,0.013298524137931034,0.11531922709561937,1000,233,LHC
698,1.5081000000000002,0.05069999999999996,0.0035622310344827542,0.05968442874387552,1000,233,Orthogonal
699,1.5134999999999998,0.07850099999999996,0.009351775862068966,0.09670458035723523,1000,234,Random
700,1.5464999999999998,0.10730099999999994,0.01770874137931034,0.1330741950165784,1000,234,LHC
701,1.5135,0.05383399999999997,0.0048716379310344785,0.06979711979039306,1000,234,Orthogonal
702,1.5462,0.09040199999999994,0.011794717241379314,0.10860348632239811,1000,235,Random
703,1.5113999999999999,0.09659999999999999,0.013847834482758618,0.11767682219859023,1000,235,LHC
704,1.5033,0.04376499999999999,0.0030304241379310315,0.05504928825998599,1000,235,Orthogonal
705,1.5207000000000004,0.05803399999999995,0.0052481482758620634,0.07244410449347873,1000,236,Random
706,1.4993999999999998,0.09659999999999999,0.01403590344827586,0.11847321827432503,1000,236,LHC
707,1.5165,0.05856699999999995,0.00476363793103448,0.06901911279518508,1000,236,Orthogonal
708,1.5591,0.10630199999999995,0.015494368965517242,0.12447637914687767,1000,237,Random
709,1.4885999999999997,0.077467,0.009147972413793103,0.095645033398463,1000,237,LHC
710,1.5105,0.057233,0.005111844827586206,0.07149716657033484,1000,237,Orthogonal
711,1.5201,0.072367,0.009358851724137935,0.09674115837707307,1000,238,Random
712,1.5125999999999997,0.06793399999999997,0.008440386206896551,0.09187157453149777,1000,238,LHC
713,1.527,0.05840099999999996,0.005051793103448274,0.07107596712988345,1000,238,Orthogonal
714,1.5288000000000002,0.09260099999999997,0.011623406896551721,0.10781190517077287,1000,239,Random
715,1.5198,0.085334,0.010221268965517243,0.10110029161934818,1000,239,LHC
716,1.5102000000000004,0.04926699999999999,0.0040522344827586204,0.06365716364054104,1000,239,Orthogonal
717,1.5476999999999996,0.09183499999999997,0.011130424137931035,0.10550082529502333,1000,240,Random
718,1.5318,0.08373499999999996,0.011001475862068967,0.10488792047737894,1000,240,LHC
719,1.5263999999999998,0.05293399999999995,0.003846662068965513,0.06202146458255813,1000,240,Orthogonal
720,1.5140999999999998,0.08990099999999994,0.01336602413793103,0.11561152251367954,1000,241,Random
721,1.5090000000000001,0.07919999999999998,0.009911793103448275,0.09955798864706074,1000,241,LHC
722,1.5359999999999998,0.06160199999999992,0.004638413793103444,0.06810590130894272,1000,241,Orthogonal
723,1.5105,0.07056699999999996,0.008279224137931028,0.09099024199292487,1000,242,Random
724,1.524,0.08166699999999993,0.011112827586206889,0.10541739698079672,1000,242,LHC
725,1.5171000000000001,0.051299999999999985,0.004545403448275859,0.06741960729843996,1000,242,Orthogonal
726,1.5095999999999998,0.080933,0.011071489655172417,0.1052211464258607,1000,243,Random
727,1.5098999999999998,0.081766,0.01013161034482758,0.10065590069552595,1000,243,LHC
728,1.5113999999999999,0.04520099999999997,0.0038094206896551715,0.06172050461277169,1000,243,Orthogonal
729,1.5209999999999997,0.07033399999999995,0.009490965517241374,0.09742158650546281,1000,244,Random
730,1.5222000000000004,0.09186699999999999,0.012695958620689658,0.11267634454795585,1000,244,LHC
731,1.5186000000000002,0.046866999999999985,0.003105558620689652,0.055727539158746744,1000,244,Orthogonal
732,1.551,0.09153499999999994,0.011140758620689653,0.1055497921394905,1000,245,Random
733,1.5269999999999997,0.09033499999999997,0.013162965517241382,0.11472996782550486,1000,245,LHC
734,1.5084000000000004,0.05513299999999997,0.004427627586206893,0.06654042069454395,1000,245,Orthogonal
735,1.5405,0.09590099999999996,0.011994051724137934,0.10951735809513455,1000,246,Random
736,1.5479999999999998,0.09573499999999997,0.012669517241379312,0.1125589500723035,1000,246,LHC
737,1.5285,0.05810099999999993,0.004670534482758615,0.06834130875801703,1000,246,Orthogonal
738,1.5095999999999998,0.10026699999999998,0.015244386206896552,0.12346815867622127,1000,247,Random
739,1.4907,0.084699,0.011929251724137927,0.10922111391181619,1000,247,LHC
740,1.509,0.05326599999999996,0.004292068965517238,0.06551388376151454,1000,247,Orthogonal
741,1.5218999999999996,0.08036799999999997,0.010096231034482758,0.1004800031572589,1000,248,Random
742,1.5129,0.08090099999999997,0.010174437931034484,0.10086841889825816,1000,248,LHC
743,1.5276,0.049467999999999936,0.0032116965517241325,0.05667183208370921,1000,248,Orthogonal
744,1.5113999999999999,0.08153300000000004,0.01028383448275862,0.10140924259040011,1000,249,Random
745,1.5129,0.07049999999999998,0.007392506896551722,0.08597968886051939,1000,249,LHC
746,1.5179999999999998,0.06013399999999996,0.005939999999999998,0.07707139547199077,1000,249,Orthogonal
747,1.5222000000000002,0.09020099999999998,0.012098234482758622,0.10999197462887292,1000,250,Random
748,1.5366000000000002,0.08066799999999998,0.00960231724137931,0.09799141412072443,1000,250,LHC
749,1.5332999999999999,0.05563399999999997,0.004387872413793101,0.0662410176083754,1000,250,Orthogonal
750,1.5330000000000001,0.07760099999999996,0.008761034482758617,0.0936003978771384,1000,251,Random
751,1.5303,0.10403300000000003,0.01586194137931035,0.12594419946670968,1000,251,LHC
752,1.533,0.06133399999999998,0.004973586206896549,0.07052365707262032,1000,251,Orthogonal
753,1.5246,0.078734,0.009578110344827587,0.09786782078307245,1000,252,Random
754,1.5111,0.07850099999999997,0.01081685172413793,0.10400409474697586,1000,252,LHC
755,1.527,0.061400999999999935,0.006520965517241375,0.08075249542423674,1000,252,Orthogonal
756,1.5177000000000003,0.062099999999999975,0.00801890689655172,0.08954834949094104,1000,253,Random
757,1.5158999999999998,0.08383399999999996,0.009969610344827587,0.09984793610700016,1000,253,LHC
758,1.5138000000000003,0.05766699999999998,0.00580071724137931,0.07616243983341993,1000,253,Orthogonal
759,1.5231000000000001,0.082634,0.011477886206896552,0.10713489724126565,1000,254,Random
760,1.5050999999999997,0.07576600000000003,0.009148437931034483,0.09564746693475203,1000,254,LHC
761,1.5270000000000001,0.053600999999999975,0.004794827586206893,0.0692446935599176,1000,254,Orthogonal
762,1.5231000000000001,0.0879,0.013187265517241384,0.11483581983528215,1000,255,Random
763,1.5348,0.10700099999999996,0.018706717241379314,0.13677250177348996,1000,255,LHC
764,1.5282000000000004,0.057867999999999926,0.004711406896551718,0.06863968893105299,1000,255,Orthogonal
765,1.5536999999999999,0.09176799999999995,0.012571665517241381,0.11212343875051897,1000,256,Random
766,1.5144,0.08586699999999997,0.011294937931034489,0.10627764549064159,1000,256,LHC
767,1.5012,0.064733,0.006459889655172413,0.08037343874174112,1000,256,Orthogonal
768,1.5315000000000005,0.08516799999999997,0.0102846724137931,0.1014133739395012,1000,257,Random
769,1.5464999999999998,0.10303400000000001,0.017077500000000006,0.13068090908774704,1000,257,LHC
770,1.5273000000000005,0.04743499999999992,0.0031514586206896488,0.05613785372357629,1000,257,Orthogonal
771,1.4906999999999997,0.08823200000000006,0.014532424137931044,0.12055050451130864,1000,258,Random
772,1.5237,0.101767,0.01453614827586207,0.12056594990237529,1000,258,LHC
773,1.5153000000000003,0.06296799999999997,0.006242493103448275,0.07900944945668383,1000,258,Orthogonal
774,1.5633000000000004,0.10143499999999994,0.012078217241379311,0.10990094285937364,1000,259,Random
775,1.5027000000000001,0.0915,0.012940355172413799,0.1137556819346348,1000,259,LHC
776,1.5303000000000002,0.05930099999999996,0.004873872413793099,0.06981312493931996,1000,259,Orthogonal
777,1.5315,0.06410099999999995,0.00764239655172414,0.0874208015962113,1000,260,Random
778,1.5426,0.09553399999999997,0.010907627586206895,0.10443958821350693,1000,260,LHC
779,1.5231000000000003,0.05083399999999996,0.0039811965517241345,0.06309672377963958,1000,260,Orthogonal
780,1.5456,0.07493599999999996,0.00880907586206897,0.09385667723752514,1000,261,Random
781,1.5191999999999994,0.08166699999999996,0.011029406896551724,0.10502098312504851,1000,261,LHC
782,1.5024000000000002,0.04019999999999998,0.003261972413793102,0.057113679743062445,1000,261,Orthogonal
783,1.4808,0.077333,0.008299613793103447,0.09110221618107568,1000,262,Random
784,1.5366,0.08180099999999996,0.008742041379310343,0.09349888437468301,1000,262,LHC
785,1.5246,0.05413399999999997,0.004042179310344824,0.06357813547395696,1000,262,Orthogonal
786,1.5248999999999997,0.08563399999999997,0.01223202413793104,0.11059848162579376,1000,263,Random
787,1.5188999999999997,0.080834,0.009511541379310344,0.097527131503548,1000,263,LHC
788,1.5177000000000003,0.04436799999999996,0.002801389655172411,0.05292815559957111,1000,263,Orthogonal
789,1.5105,0.086566,0.012837568965517248,0.11330299627775625,1000,264,Random
790,1.4957999999999998,0.1212,0.019654510344827583,0.14019454463290495,1000,264,LHC
791,1.5072,0.04799999999999998,0.005495337931034477,0.07413054654482508,1000,264,Orthogonal
792,1.5054000000000003,0.08986599999999999,0.013451213793103448,0.115979367963028,1000,265,Random
793,1.5192000000000003,0.094133,0.012420372413793106,0.11144672455390112,1000,265,LHC
794,1.5203999999999998,0.04873399999999997,0.0038652827586206865,0.062171398236011116,1000,265,Orthogonal
795,1.5299999999999998,0.08240099999999995,0.009049655172413792,0.09512967556138195,1000,266,Random
796,1.5035999999999998,0.08619900000000001,0.010311765517241382,0.10154686365044162,1000,266,LHC
797,1.5368999999999997,0.07543399999999995,0.008762989655172412,0.09361084154718625,1000,266,Orthogonal
798,1.5045000000000002,0.09683300000000003,0.013720189655172415,0.11713321328800134,1000,267,Random
799,1.5117,0.07170000000000003,0.008409941379310344,0.09170573253243411,1000,267,LHC
800,1.4961,0.050633,0.003813610344827584,0.06175443583118207,1000,267,Orthogonal
801,1.5302999999999998,0.07963399999999995,0.009862355172413791,0.0993093911592141,1000,268,Random
802,1.5024000000000004,0.082867,0.011775351724137935,0.10851429271823107,1000,268,LHC
803,1.5159,0.05883499999999995,0.006042506896551723,0.07773356351378549,1000,268,Orthogonal
804,1.5012,0.08499899999999998,0.011308717241379303,0.10634245267709083,1000,269,Random
805,1.5527999999999997,0.08206899999999993,0.008294027586206894,0.09107155201382534,1000,269,LHC
806,1.5486,0.06220199999999995,0.005602593103448275,0.07485047163143513,1000,269,Orthogonal
807,1.488,0.099999,0.01648675862068965,0.12840077344272366,1000,270,Random
808,1.5123,0.07749899999999998,0.010476837931034474,0.10235642593913913,1000,270,LHC
809,1.5285,0.05510099999999995,0.004832534482758619,0.0695164331849572,1000,270,Orthogonal
810,1.4889000000000001,0.08116600000000004,0.01036623103448276,0.10181468967925385,1000,271,Random
811,1.509,0.096067,0.015419793103448279,0.12417645953822438,1000,271,LHC
812,1.5105,0.05363299999999998,0.005055982758620687,0.07110543410050098,1000,271,Orthogonal
813,1.4762999999999997,0.09189900000000002,0.011772837931034489,0.108502709325779,1000,272,Random
814,1.5291000000000003,0.07956699999999997,0.009654920689655167,0.09825945598086307,1000,272,LHC
815,1.5258,0.05360099999999996,0.003774786206896548,0.06143928878898704,1000,272,Orthogonal
816,1.5153,0.07889999999999997,0.008113872413793103,0.09007703599582473,1000,273,Random
817,1.5554999999999999,0.07570199999999995,0.008055775862068964,0.08975397407395934,1000,273,LHC
818,1.5564000000000002,0.07300199999999994,0.005731075862068963,0.07570386953167561,1000,273,Orthogonal
819,1.5317999999999998,0.08780099999999998,0.010666303448275863,0.10327779746042158,1000,274,Random
820,1.5117,0.06703399999999998,0.0074770448275862066,0.08646990706359182,1000,274,LHC
821,1.5024000000000002,0.05266599999999999,0.004295420689655169,0.06553945902778852,1000,274,Orthogonal
822,1.5063000000000002,0.11010000000000003,0.019286286206896562,0.13887507410221808,1000,275,Random
823,1.5597000000000003,0.08836899999999993,0.011022424137931036,0.10498773327361172,1000,275,LHC
824,1.5159,0.06296799999999995,0.006886024137931036,0.08298207118366614,1000,275,Orthogonal
825,1.5255,0.07716699999999997,0.010182258620689652,0.10090717824163775,1000,276,Random
826,1.5339,0.08750099999999998,0.011165058620689656,0.10566484098644002,1000,276,LHC
827,1.5177,0.04736799999999993,0.0031086310344827553,0.05575509873081345,1000,276,Orthogonal
828,1.5272999999999999,0.06770099999999998,0.00889966551724138,0.09433803854883448,1000,277,Random
829,1.5258,0.06653299999999998,0.00788623448275862,0.08880447332628362,1000,277,LHC
830,1.5210000000000001,0.06213499999999995,0.00545213793103448,0.07383859377747168,1000,277,Orthogonal
831,1.5141000000000002,0.08603299999999997,0.01032154137931034,0.1015949869792321,1000,278,Random
832,1.5162,0.08106699999999996,0.009344234482758616,0.09666558065184637,1000,278,LHC
833,1.5200999999999998,0.05576799999999994,0.005297679310344824,0.07278515858569537,1000,278,Orthogonal
834,1.5204000000000002,0.07160099999999994,0.008378937931034482,0.09153653877569591,1000,279,Random
835,1.5200999999999998,0.09456699999999998,0.013520575862068968,0.11627801108579802,1000,279,LHC
836,1.5255,0.049033999999999925,0.0038195689655172354,0.06180266147600146,1000,279,Orthogonal
837,1.5155999999999994,0.10319999999999993,0.016108386206896544,0.12691881738692865,1000,280,Random
838,1.5032999999999999,0.07583300000000001,0.008700424137931035,0.09327606412114008,1000,280,LHC
839,1.5696000000000003,0.07093699999999993,0.003796386206896547,0.061614821324877236,1000,280,Orthogonal
840,1.5207,0.08083399999999998,0.009197596551724141,0.09590410080765129,1000,281,Random
841,1.5360000000000003,0.09686799999999997,0.014637724137931038,0.12098646262260516,1000,281,LHC
842,1.5245999999999997,0.04753399999999993,0.0034109379310344762,0.058403235621277666,1000,281,Orthogonal
843,1.5498,0.10586799999999995,0.015084993103448279,0.1228209798993978,1000,282,Random
844,1.5188999999999997,0.10469999999999997,0.015421748275862065,0.12418433184529386,1000,282,LHC
845,1.5390000000000001,0.05720099999999994,0.005038758620689648,0.07098421388371959,1000,282,Orthogonal
846,1.5267000000000002,0.08083399999999999,0.00982325172413793,0.09911231873050862,1000,283,Random
847,1.5438000000000003,0.09566799999999995,0.013003200000000006,0.11403157457476419,1000,283,LHC
848,1.5249,0.05216799999999997,0.004456024137931032,0.06675345787246555,1000,283,Orthogonal
849,1.5162,0.09253399999999999,0.011746303448275867,0.10838036468048937,1000,284,Random
850,1.5080999999999998,0.094899,0.015499955172413786,0.12449881594783858,1000,284,LHC
851,1.5303,0.06343399999999995,0.00572297586206896,0.07565035268965348,1000,284,Orthogonal
852,1.5072,0.09166599999999998,0.01352271724137931,0.11628721873610749,1000,285,Random
853,1.5528,0.07813399999999997,0.010103958620689652,0.10051844915581244,1000,285,LHC
854,1.5305999999999997,0.061333999999999965,0.006177972413793099,0.07860007896810982,1000,285,Orthogonal
855,1.4646000000000001,0.08973200000000009,0.012730593103448283,0.11282992999841968,1000,286,Random
856,1.5411,0.1071,0.017723265517241384,0.13312875541084798,1000,286,LHC
857,1.5147000000000002,0.04856799999999994,0.003816217241379307,0.061775539183234224,1000,286,Orthogonal
858,1.4979000000000002,0.09556600000000003,0.014477679310344839,0.12032322847374416,1000,287,Random
859,1.5548999999999997,0.10850099999999999,0.01708643793103449,0.13071510215363216,1000,287,LHC
860,1.5168000000000001,0.04013299999999999,0.002685475862068962,0.051821577186235486,1000,287,Orthogonal
861,1.5015,0.07883299999999999,0.00972605172413793,0.09862074692547167,1000,288,Random
862,1.5381,0.08870099999999995,0.010481679310344825,0.10238007281861458,1000,288,LHC
863,1.5143999999999997,0.06140099999999997,0.0063790758620689645,0.0798691170733029,1000,288,Orthogonal
864,1.5162000000000002,0.088867,0.011500510344827589,0.10724043241626541,1000,289,Random
865,1.5095999999999996,0.08713399999999998,0.01127817931034482,0.10619877264048215,1000,289,LHC
866,1.5087,0.04623499999999999,0.004371113793103449,0.06611439928717078,1000,289,Orthogonal
867,1.5117,0.07769999999999996,0.009566286206896552,0.09780739341632898,1000,290,Random
868,1.5048000000000001,0.07373299999999999,0.008727889655172412,0.093423175150347,1000,290,LHC
869,1.5330000000000001,0.07093399999999996,0.006386896551724132,0.07991806148627563,1000,290,Orthogonal
870,1.5525000000000004,0.08816799999999995,0.012170948275862068,0.11032202081117835,1000,291,Random
871,1.5273,0.07916799999999995,0.008625941379310342,0.09287594618258455,1000,291,LHC
872,1.5422999999999998,0.061368999999999924,0.00458338965517241,0.06770073600170393,1000,291,Orthogonal
873,1.5083999999999997,0.09486699999999999,0.014829144827586205,0.12177497619620463,1000,292,Random
874,1.5141,0.08723299999999998,0.011343817241379308,0.1065073576865904,1000,292,LHC
875,1.5459,0.07323499999999994,0.007059196551724136,0.08401902493914183,1000,292,Orthogonal
876,1.5015,0.09683299999999999,0.013982741379310349,0.11824864218801985,1000,293,Random
877,1.5348,0.08060099999999994,0.008986717241379307,0.09479829767131531,1000,293,LHC
878,1.5153,0.04850099999999997,0.003231527586206893,0.05684652659755821,1000,293,Orthogonal
879,1.5231000000000001,0.07856799999999999,0.01086340344827587,0.10422765203282607,1000,294,Random
880,1.5198,0.09620099999999997,0.014779613793103448,0.12157143493890103,1000,294,LHC
881,1.5215999999999998,0.054200999999999985,0.0052059724137931045,0.0721524248642629,1000,294,Orthogonal
882,1.5411000000000001,0.07256799999999992,0.007059196551724134,0.08401902493914182,1000,295,Random
883,1.5348,0.08953399999999995,0.012243475862068968,0.11065024112973712,1000,295,LHC
884,1.5054000000000003,0.05413399999999998,0.004641765517241379,0.06813050357396001,1000,295,Orthogonal
885,1.4904000000000002,0.09999899999999998,0.014220248275862065,0.11924868249109533,1000,296,Random
886,1.5108000000000004,0.09646600000000001,0.016572786206896548,0.12873533394875142,1000,296,LHC
887,1.5102000000000004,0.06313399999999995,0.0062699586206896515,0.079183070290875,1000,296,Orthogonal
888,1.5353999999999999,0.08126799999999997,0.010019420689655173,0.10009705634860185,1000,297,Random
889,1.5177,0.08336799999999996,0.011471182758620689,0.10710360758919696,1000,297,LHC
890,1.5102000000000002,0.04993399999999995,0.0042365793103448235,0.06508901067265367,1000,297,Orthogonal
891,1.5135,0.097567,0.013781637931034487,0.11739522107409009,1000,298,Random
892,1.5285000000000002,0.07323499999999994,0.008457982758620686,0.0919672917869211,1000,298,LHC
893,1.5042000000000002,0.062732,0.0069812689655172405,0.08355398832801006,1000,298,Orthogonal
894,1.5195,0.079366,0.009631086206896549,0.09813809763234943,1000,299,Random
895,1.5218999999999998,0.08503399999999996,0.01093416206896552,0.10456654373634772,1000,299,LHC
896,1.5080999999999998,0.061566999999999976,0.006467058620689654,0.08041802422771685,1000,299,Orthogonal
897,1.5063,0.074633,0.010923734482758626,0.1045166708365638,1000,300,Random
898,1.5063,0.08796700000000003,0.011633182758620691,0.10785723322346392,1000,300,LHC
899,1.5297000000000003,0.04936899999999991,0.003728699999999996,0.06106308213642672,1000,300,Orthogonal
