,MeanWaitingTime,CustomerCount,Servers
0,2.4862674392418347,5000.0,1.0
1,4.878873758584109,5000.0,1.0
2,2.6390308002698686,5000.0,1.0
3,3.491916178369016,5000.0,1.0
4,3.2260642264821993,5000.0,1.0
5,3.5726270872280175,5000.0,1.0
6,3.31123642602588,5000.0,1.0
7,3.56720154875515,5000.0,1.0
8,3.242627319924275,5000.0,1.0
9,5.319027718434207,5000.0,1.0
10,6.646529738773441,5000.0,1.0
11,2.6482368808856327,5000.0,1.0
12,4.621998262561635,5000.0,1.0
13,2.58410257120721,5000.0,1.0
14,2.9858413609119525,5000.0,1.0
15,2.855973620667145,5000.0,1.0
16,3.3907846546288813,5000.0,1.0
17,2.7564695332462805,5000.0,1.0
18,2.1919305468385755,5000.0,1.0
19,3.6382921328977855,5000.0,1.0
20,2.393459981448087,5000.0,1.0
21,2.690686840416475,5000.0,1.0
22,3.5706993858251757,5000.0,1.0
23,3.628634681073381,5000.0,1.0
24,3.0091033564633745,5000.0,1.0
25,2.5882283892702906,5000.0,1.0
26,2.7086786090208332,5000.0,1.0
27,3.6482999059648216,5000.0,1.0
28,2.6707945774707733,5000.0,1.0
29,3.3179139548166057,5000.0,1.0
30,4.194489896095873,5000.0,1.0
31,2.494281043524871,5000.0,1.0
32,3.73380835893107,5000.0,1.0
33,3.5095942343082833,5000.0,1.0
34,2.4805105191804135,5000.0,1.0
35,2.437979587606513,5000.0,1.0
36,4.1472809183414885,5000.0,1.0
37,2.3724533941881685,5000.0,1.0
38,2.7415203961968966,5000.0,1.0
39,3.2594300521878776,5000.0,1.0
40,2.931647601511993,5000.0,1.0
41,2.513487443149674,5000.0,1.0
42,3.051732765076233,5000.0,1.0
43,3.8812224884588713,5000.0,1.0
44,3.4866248790944163,5000.0,1.0
45,3.89223446016464,5000.0,1.0
46,3.3256677141438713,5000.0,1.0
47,2.788285264757173,5000.0,1.0
48,3.1089698530266685,5000.0,1.0
49,3.7446813139487007,5000.0,1.0
50,2.534877957729309,5000.0,1.0
51,3.149897629023243,5000.0,1.0
52,3.902211422613928,5000.0,1.0
53,3.572400792077356,5000.0,1.0
54,2.388820269984689,5000.0,1.0
55,3.86441400530029,5000.0,1.0
56,3.918090209937092,5000.0,1.0
57,2.8140450915866326,5000.0,1.0
58,3.5112344306257124,5000.0,1.0
59,3.3825167499227464,5000.0,1.0
60,2.890399820753805,5000.0,1.0
61,3.070940330599333,5000.0,1.0
62,3.9751992071528397,5000.0,1.0
63,2.536818274799437,5000.0,1.0
64,2.9331591077515955,5000.0,1.0
65,4.501872702962541,5000.0,1.0
66,3.5062666250787218,5000.0,1.0
67,4.61813101642333,5000.0,1.0
68,4.40446745917187,5000.0,1.0
69,2.9757207328402036,5000.0,1.0
70,3.7910393613200735,5000.0,1.0
71,7.927224260215731,5000.0,1.0
72,2.9724608860953174,5000.0,1.0
73,2.913110319733042,5000.0,1.0
74,4.655963300312974,5000.0,1.0
75,3.171815619338665,5000.0,1.0
76,3.664454900606678,5000.0,1.0
77,3.284056117456853,5000.0,1.0
78,3.9500215842071675,5000.0,1.0
79,4.754548857391488,5000.0,1.0
80,3.744175615649931,5000.0,1.0
81,4.199474833901399,5000.0,1.0
82,4.296031277226277,5000.0,1.0
83,3.4245779230019426,5000.0,1.0
84,3.5271877578901796,5000.0,1.0
85,3.1190850554471066,5000.0,1.0
86,3.5917896646946783,5000.0,1.0
87,2.9899149448668902,5000.0,1.0
88,3.5920128977782304,5000.0,1.0
89,3.782834939641072,5000.0,1.0
90,3.324153378322325,5000.0,1.0
91,2.826035726757958,5000.0,1.0
92,4.498146864212918,5000.0,1.0
93,3.31659708256426,5000.0,1.0
94,3.597663721526136,5000.0,1.0
95,3.8146770837619393,5000.0,1.0
96,2.766811556645806,5000.0,1.0
97,2.711441676961934,5000.0,1.0
98,3.9401090927410785,5000.0,1.0
99,2.521057459403705,5000.0,1.0
100,3.119533747238325,5000.0,1.0
101,4.0394417227440265,5000.0,1.0
102,4.325347599085737,5000.0,1.0
103,2.060062466032391,5000.0,1.0
104,4.504724032933229,5000.0,1.0
105,3.0211236432150543,5000.0,1.0
106,2.7539199824559537,5000.0,1.0
107,3.525751440798222,5000.0,1.0
108,2.8288310310765983,5000.0,1.0
109,2.8652364452221373,5000.0,1.0
110,2.51946757389446,5000.0,1.0
111,4.287834880379468,5000.0,1.0
112,2.49335427548724,5000.0,1.0
113,2.9279466712745963,5000.0,1.0
114,2.7303158278134796,5000.0,1.0
115,2.5103293415735264,5000.0,1.0
116,2.6230850200637277,5000.0,1.0
117,2.475808847342279,5000.0,1.0
118,3.1654442463238315,5000.0,1.0
119,5.290847655085461,5000.0,1.0
120,3.2186137671851225,5000.0,1.0
121,3.7168781451474393,5000.0,1.0
122,2.645749788121285,5000.0,1.0
123,3.348424623760493,5000.0,1.0
124,3.584077490442851,5000.0,1.0
125,2.632164507346364,5000.0,1.0
126,3.566382775989783,5000.0,1.0
127,7.428460838909011,5000.0,1.0
128,3.8304031172188706,5000.0,1.0
129,2.8266986994033605,5000.0,1.0
130,4.070931480137536,5000.0,1.0
131,4.927991977353105,5000.0,1.0
132,2.754960662174462,5000.0,1.0
133,2.6953136384360574,5000.0,1.0
134,2.5040386590365475,5000.0,1.0
135,3.46532832374463,5000.0,1.0
136,4.3607887443078335,5000.0,1.0
137,4.276285235203394,5000.0,1.0
138,4.784029004940429,5000.0,1.0
139,2.9302432623236876,5000.0,1.0
140,2.7454919219682865,5000.0,1.0
141,4.432413935203637,5000.0,1.0
142,5.026638493785807,5000.0,1.0
143,2.2817757490786277,5000.0,1.0
144,2.8647365658744244,5000.0,1.0
145,2.9768740894014596,5000.0,1.0
146,2.218447468436724,5000.0,1.0
147,3.8170836701241906,5000.0,1.0
148,3.4064236235559,5000.0,1.0
149,2.76446428997553,5000.0,1.0
150,2.6516818194302543,5000.0,1.0
151,3.2948061298927716,5000.0,1.0
152,2.5042860103128333,5000.0,1.0
153,4.245432154264282,5000.0,1.0
154,5.667091709465496,5000.0,1.0
155,5.381925247387821,5000.0,1.0
156,4.260206979894956,5000.0,1.0
157,2.084925366489689,5000.0,1.0
158,3.0086241377942353,5000.0,1.0
159,6.16288916804936,5000.0,1.0
160,3.474006494380921,5000.0,1.0
161,4.351882719866965,5000.0,1.0
162,3.583384278931323,5000.0,1.0
163,3.029066456224684,5000.0,1.0
164,2.4492117178364525,5000.0,1.0
165,3.3581428714251684,5000.0,1.0
166,3.724458996254008,5000.0,1.0
167,2.7871753462989237,5000.0,1.0
168,3.1273596503156824,5000.0,1.0
169,4.047850229271972,5000.0,1.0
170,2.7308379486556027,5000.0,1.0
171,3.5170949924987918,5000.0,1.0
172,2.823921248264702,5000.0,1.0
173,5.2934574973935264,5000.0,1.0
174,3.391140784576383,5000.0,1.0
175,4.464739094288153,5000.0,1.0
176,2.9090100672625065,5000.0,1.0
177,3.5835194344091934,5000.0,1.0
178,3.1479757512272672,5000.0,1.0
179,3.0272951908349177,5000.0,1.0
180,2.0912198241880606,5000.0,1.0
181,3.3676418394821797,5000.0,1.0
182,2.2544712838208323,5000.0,1.0
183,5.054035837730668,5000.0,1.0
184,4.20462576133788,5000.0,1.0
185,4.721201304657472,5000.0,1.0
186,3.0267041248314293,5000.0,1.0
187,6.025944226089126,5000.0,1.0
188,3.8376983941562086,5000.0,1.0
189,4.408474528812396,5000.0,1.0
190,2.8117458044421584,5000.0,1.0
191,2.3608587207292926,5000.0,1.0
192,3.787466511932356,5000.0,1.0
193,4.58753145651399,5000.0,1.0
194,3.601293466859762,5000.0,1.0
195,5.207245825589389,5000.0,1.0
196,3.682782290844931,5000.0,1.0
197,4.913266361027275,5000.0,1.0
198,2.740534925074935,5000.0,1.0
199,4.376240928941209,5000.0,1.0
200,2.8313787419365104,5000.0,1.0
201,3.466377214275807,5000.0,1.0
202,3.384533006125994,5000.0,1.0
203,3.276422475089186,5000.0,1.0
204,3.555580648225866,5000.0,1.0
205,3.0205886667070403,5000.0,1.0
206,2.5183677722390696,5000.0,1.0
207,2.6983882549587075,5000.0,1.0
208,2.824825032078682,5000.0,1.0
209,3.602350824605345,5000.0,1.0
210,2.946714348630939,5000.0,1.0
211,2.4373455691679524,5000.0,1.0
212,2.6866531388531434,5000.0,1.0
213,5.9944781851634605,5000.0,1.0
214,3.4719720783812518,5000.0,1.0
215,3.245287815673735,5000.0,1.0
216,6.268108392330504,5000.0,1.0
217,2.843941648857421,5000.0,1.0
218,2.3875354942429183,5000.0,1.0
219,3.354524952875522,5000.0,1.0
220,3.2938387777409983,5000.0,1.0
221,3.082482624623378,5000.0,1.0
222,4.381219765702957,5000.0,1.0
223,4.738254314395824,5000.0,1.0
224,2.9814406876174155,5000.0,1.0
225,3.606671742481468,5000.0,1.0
226,3.8749626899548297,5000.0,1.0
227,2.989374669397547,5000.0,1.0
228,3.726730580990869,5000.0,1.0
229,3.603489361602477,5000.0,1.0
230,6.736218910221246,5000.0,1.0
231,3.1174171407873392,5000.0,1.0
232,3.0926260600831164,5000.0,1.0
233,2.975713901384213,5000.0,1.0
234,4.146208382250345,5000.0,1.0
235,3.655713131633878,5000.0,1.0
236,3.1898651176365043,5000.0,1.0
237,3.754818190851037,5000.0,1.0
238,6.094605309833539,5000.0,1.0
239,2.7182184167781323,5000.0,1.0
240,4.348015727060303,5000.0,1.0
241,2.5586638585511547,5000.0,1.0
242,3.029057172274439,5000.0,1.0
243,3.965384560565588,5000.0,1.0
244,3.642064627317102,5000.0,1.0
245,4.814437901196142,5000.0,1.0
246,2.931368345519278,5000.0,1.0
247,3.231948866794098,5000.0,1.0
248,3.247973446573424,5000.0,1.0
249,5.659415389810606,5000.0,1.0
250,3.241187391200242,5000.0,1.0
251,7.360761437182543,5000.0,1.0
252,2.5905690726270323,5000.0,1.0
253,2.4685387694563823,5000.0,1.0
254,5.780144976989957,5000.0,1.0
255,3.189979940449712,5000.0,1.0
256,3.6924550707515373,5000.0,1.0
257,3.4866832000450407,5000.0,1.0
258,5.484578039407981,5000.0,1.0
259,3.522899036617315,5000.0,1.0
260,2.520235856532199,5000.0,1.0
261,7.180602696420262,5000.0,1.0
262,3.1808230944091846,5000.0,1.0
263,2.9790653462259074,5000.0,1.0
264,2.763251999251949,5000.0,1.0
265,2.8041724118321887,5000.0,1.0
266,3.322184568744547,5000.0,1.0
267,2.9963715068830337,5000.0,1.0
268,3.537394047069791,5000.0,1.0
269,3.638185169688532,5000.0,1.0
270,3.6856798248181155,5000.0,1.0
271,5.209876796000632,5000.0,1.0
272,2.9565481487963234,5000.0,1.0
273,3.7035801593587117,5000.0,1.0
274,2.749436562477317,5000.0,1.0
275,4.200547425437031,5000.0,1.0
276,2.9995409036032874,5000.0,1.0
277,2.3443646769811965,5000.0,1.0
278,3.2816794807943412,5000.0,1.0
279,3.7567408077091766,5000.0,1.0
280,3.707731446231206,5000.0,1.0
281,4.45320173407814,5000.0,1.0
282,2.7276875293720253,5000.0,1.0
283,4.085753111640227,5000.0,1.0
284,3.377645996176354,5000.0,1.0
285,3.2445709571049672,5000.0,1.0
286,1.7080776189744353,5000.0,1.0
287,2.419749437741796,5000.0,1.0
288,2.7327704360123093,5000.0,1.0
289,4.003492582803039,5000.0,1.0
290,3.7912848215583623,5000.0,1.0
291,3.758986733311521,5000.0,1.0
292,3.0412051882945117,5000.0,1.0
293,3.5945387634875106,5000.0,1.0
294,2.8390743707145987,5000.0,1.0
295,2.989666756860756,5000.0,1.0
296,5.110367701349917,5000.0,1.0
297,4.1489749662088915,5000.0,1.0
298,2.477618825199031,5000.0,1.0
299,2.6262728763201295,5000.0,1.0
300,4.039702893568403,5000.0,1.0
301,6.178331406012428,5000.0,1.0
302,4.317377220439844,5000.0,1.0
303,4.452928616655688,5000.0,1.0
304,4.316997410263472,5000.0,1.0
305,4.920847486139294,5000.0,1.0
306,5.147637724342033,5000.0,1.0
307,3.2269426194277915,5000.0,1.0
308,3.5441837472556106,5000.0,1.0
309,2.64817655954601,5000.0,1.0
310,3.2468973184144763,5000.0,1.0
311,2.632303361712952,5000.0,1.0
312,3.2656056440968646,5000.0,1.0
313,4.4213469756792625,5000.0,1.0
314,2.530646403762022,5000.0,1.0
315,3.905326434506089,5000.0,1.0
316,4.302480350045689,5000.0,1.0
317,2.5849128831156394,5000.0,1.0
318,4.5636206720670485,5000.0,1.0
319,2.8830628542092924,5000.0,1.0
320,3.9268773758008915,5000.0,1.0
321,4.51790056862578,5000.0,1.0
322,3.666520301173944,5000.0,1.0
323,2.6323685407307615,5000.0,1.0
324,5.718205473294834,5000.0,1.0
325,2.543972819255924,5000.0,1.0
326,4.0169067510896515,5000.0,1.0
327,3.392669969403764,5000.0,1.0
328,2.943290702070999,5000.0,1.0
329,3.3047397415814928,5000.0,1.0
330,3.597856326389879,5000.0,1.0
331,3.6642655576311305,5000.0,1.0
332,4.477724004491877,5000.0,1.0
333,4.5804215149249545,5000.0,1.0
334,3.93568906994703,5000.0,1.0
335,3.6015185215121717,5000.0,1.0
336,3.738389911864686,5000.0,1.0
337,3.2179930751779913,5000.0,1.0
338,2.7673188844203267,5000.0,1.0
339,2.536326044849369,5000.0,1.0
340,4.222296525979172,5000.0,1.0
341,2.862295732189391,5000.0,1.0
342,2.382559266568022,5000.0,1.0
343,4.378467718084524,5000.0,1.0
344,3.3170796484866076,5000.0,1.0
345,4.989808641638368,5000.0,1.0
346,4.701346837308934,5000.0,1.0
347,5.671070663151629,5000.0,1.0
348,4.277543154695736,5000.0,1.0
349,4.092349936640311,5000.0,1.0
350,4.114407234363288,5000.0,1.0
351,3.826835980412326,5000.0,1.0
352,2.745188206843648,5000.0,1.0
353,3.0784429096745485,5000.0,1.0
354,2.8471831755631296,5000.0,1.0
355,6.181590833980796,5000.0,1.0
356,2.454604215303085,5000.0,1.0
357,3.644357474244047,5000.0,1.0
358,3.0133633301283873,5000.0,1.0
359,3.3507746325991676,5000.0,1.0
360,4.196530591891524,5000.0,1.0
361,2.454215588451612,5000.0,1.0
362,3.639391352501218,5000.0,1.0
363,2.441006723392338,5000.0,1.0
364,2.9279128170823094,5000.0,1.0
365,2.8570783043311456,5000.0,1.0
366,3.7291703798740024,5000.0,1.0
367,2.4996987439842946,5000.0,1.0
368,3.0953976734951842,5000.0,1.0
369,4.507294235969434,5000.0,1.0
370,3.8824878034337096,5000.0,1.0
371,4.082579914387186,5000.0,1.0
372,3.642297658729895,5000.0,1.0
373,3.411166554818876,5000.0,1.0
374,3.2225203711747548,5000.0,1.0
375,2.6063645893438596,5000.0,1.0
376,2.6244644554825376,5000.0,1.0
377,3.9327048866198746,5000.0,1.0
378,3.4499825476796757,5000.0,1.0
379,5.472799165292577,5000.0,1.0
380,2.8980418362786535,5000.0,1.0
381,3.2638461831575523,5000.0,1.0
382,2.580158253417473,5000.0,1.0
383,3.4671996865327426,5000.0,1.0
384,4.591585369032583,5000.0,1.0
385,2.346836995981868,5000.0,1.0
386,2.619513965818393,5000.0,1.0
387,4.160779752199029,5000.0,1.0
388,4.1855487701726375,5000.0,1.0
389,4.250640916415349,5000.0,1.0
390,2.649396423497806,5000.0,1.0
391,5.345330212331978,5000.0,1.0
392,2.6918641972494117,5000.0,1.0
393,3.36197848480287,5000.0,1.0
394,2.3951625981350078,5000.0,1.0
395,3.0469395068744536,5000.0,1.0
396,3.0933056409249877,5000.0,1.0
397,3.3171859456203454,5000.0,1.0
398,3.057002558429522,5000.0,1.0
399,3.120658460610957,5000.0,1.0
400,2.647907781577467,5000.0,1.0
401,3.3904672566723666,5000.0,1.0
402,3.891022243213719,5000.0,1.0
403,3.439281313233277,5000.0,1.0
404,3.0582123892839004,5000.0,1.0
405,2.698144976687826,5000.0,1.0
406,4.519932406326212,5000.0,1.0
407,2.92475031893251,5000.0,1.0
408,2.6837262415738534,5000.0,1.0
409,4.150074791203644,5000.0,1.0
410,4.207472251090944,5000.0,1.0
411,3.0176007058771397,5000.0,1.0
412,2.491474436735071,5000.0,1.0
413,2.6119379754903918,5000.0,1.0
414,3.2691772823869556,5000.0,1.0
415,2.555096080721305,5000.0,1.0
416,3.56694936871244,5000.0,1.0
417,2.7145312913138087,5000.0,1.0
418,2.3790013630092934,5000.0,1.0
419,3.071858206354098,5000.0,1.0
420,5.084121290184703,5000.0,1.0
421,4.545038616964199,5000.0,1.0
422,3.3848999495185184,5000.0,1.0
423,4.308618353403272,5000.0,1.0
424,3.3527866467713996,5000.0,1.0
425,3.816974393435575,5000.0,1.0
426,4.784633710993402,5000.0,1.0
427,3.212821922886408,5000.0,1.0
428,3.383058218636062,5000.0,1.0
429,3.5116172175665024,5000.0,1.0
430,2.6958015678914977,5000.0,1.0
431,2.3376973177718514,5000.0,1.0
432,3.7522308460592453,5000.0,1.0
433,2.67676942086681,5000.0,1.0
434,2.7030575055149644,5000.0,1.0
435,4.880172229654439,5000.0,1.0
436,4.6801203384962955,5000.0,1.0
437,3.3097825045906664,5000.0,1.0
438,2.808927937585102,5000.0,1.0
439,2.9437465022383926,5000.0,1.0
440,3.5653671266518256,5000.0,1.0
441,3.142032886839599,5000.0,1.0
442,2.6196040752115928,5000.0,1.0
443,2.3042837005219043,5000.0,1.0
444,2.305512706335693,5000.0,1.0
445,2.916573510327164,5000.0,1.0
446,3.7581539800562282,5000.0,1.0
447,2.8980104256997707,5000.0,1.0
448,7.978908441363839,5000.0,1.0
449,3.0691831249342845,5000.0,1.0
450,2.9296550998124564,5000.0,1.0
451,4.780408523738545,5000.0,1.0
452,3.1464962256655795,5000.0,1.0
453,2.4474735380917942,5000.0,1.0
454,3.1275220723668475,5000.0,1.0
455,2.323297674407687,5000.0,1.0
456,3.5746522436985972,5000.0,1.0
457,2.6714007856380917,5000.0,1.0
458,3.937239901456004,5000.0,1.0
459,2.072761404373539,5000.0,1.0
460,4.719965599474339,5000.0,1.0
461,2.8676816440586155,5000.0,1.0
462,2.508514801920871,5000.0,1.0
463,4.439605754323103,5000.0,1.0
464,5.966869038238464,5000.0,1.0
465,2.420770863320141,5000.0,1.0
466,2.5731425063838693,5000.0,1.0
467,3.2570324738827097,5000.0,1.0
468,2.7507506339998837,5000.0,1.0
469,4.049651143474351,5000.0,1.0
470,2.7241455854272836,5000.0,1.0
471,8.531253119865275,5000.0,1.0
472,2.308785706021576,5000.0,1.0
473,3.9524333194727834,5000.0,1.0
474,3.2006440828754306,5000.0,1.0
475,5.144231198363016,5000.0,1.0
476,2.6118333052170346,5000.0,1.0
477,1.9600946331356022,5000.0,1.0
478,2.599475514150461,5000.0,1.0
479,5.227132591214834,5000.0,1.0
480,2.8178948432230375,5000.0,1.0
481,3.2580905656747547,5000.0,1.0
482,4.3897060520339135,5000.0,1.0
483,2.90850039486361,5000.0,1.0
484,4.274045288149645,5000.0,1.0
485,3.56853994801924,5000.0,1.0
486,5.7538381364434175,5000.0,1.0
487,4.6104024112341415,5000.0,1.0
488,2.94039635893291,5000.0,1.0
489,4.831169512720123,5000.0,1.0
490,3.1872037332604197,5000.0,1.0
491,5.362535005213211,5000.0,1.0
492,3.546784372593866,5000.0,1.0
493,7.193554011828087,5000.0,1.0
494,2.9646679284721285,5000.0,1.0
495,2.616927375786434,5000.0,1.0
496,3.7116704717766353,5000.0,1.0
497,3.296698579496411,5000.0,1.0
498,4.430823317433846,5000.0,1.0
499,3.3190077215022566,5000.0,1.0
500,2.2541248476330926,5000.0,2.0
501,3.2602763426565424,5000.0,2.0
502,1.3112890178611083,5000.0,2.0
503,1.3594360350332897,5000.0,2.0
504,2.2937569501424657,5000.0,2.0
505,1.8859005627886662,5000.0,2.0
506,1.1153654183941701,5000.0,2.0
507,1.747738108474221,5000.0,2.0
508,1.1564328156839638,5000.0,2.0
509,2.0215928526893503,5000.0,2.0
510,1.2899037268679265,5000.0,2.0
511,1.469038553634818,5000.0,2.0
512,2.2456953732172704,5000.0,2.0
513,1.7715464416660633,5000.0,2.0
514,1.224974286604913,5000.0,2.0
515,1.2115847350748394,5000.0,2.0
516,1.5138205074260211,5000.0,2.0
517,1.8825693521878755,5000.0,2.0
518,1.665981322123175,5000.0,2.0
519,1.2986107369232667,5000.0,2.0
520,1.886887765538596,5000.0,2.0
521,1.5847475098611983,5000.0,2.0
522,1.3559688390622613,5000.0,2.0
523,1.5413323384100106,5000.0,2.0
524,1.0751538996893133,5000.0,2.0
525,1.561445639887727,5000.0,2.0
526,1.562646510539676,5000.0,2.0
527,1.6031292412520315,5000.0,2.0
528,1.5778522165920346,5000.0,2.0
529,1.5061230687943907,5000.0,2.0
530,1.4529233614269603,5000.0,2.0
531,1.1202126914189465,5000.0,2.0
532,1.7366544408474098,5000.0,2.0
533,1.2045130062515153,5000.0,2.0
534,1.502226496553239,5000.0,2.0
535,1.2396231712212662,5000.0,2.0
536,1.293665640098579,5000.0,2.0
537,1.2579897074135493,5000.0,2.0
538,1.2558296555378017,5000.0,2.0
539,2.0745128192822673,5000.0,2.0
540,1.2963909078914178,5000.0,2.0
541,1.081106069784134,5000.0,2.0
542,2.266721366983015,5000.0,2.0
543,1.1837683197235673,5000.0,2.0
544,1.9656259792599027,5000.0,2.0
545,1.0906796420654328,5000.0,2.0
546,1.5729806782274036,5000.0,2.0
547,1.1870359754247766,5000.0,2.0
548,1.765785758410302,5000.0,2.0
549,0.9954973218331877,5000.0,2.0
550,1.7337922004247848,5000.0,2.0
551,1.5346149589098896,5000.0,2.0
552,1.8860626749317075,5000.0,2.0
553,1.0740792654027285,5000.0,2.0
554,1.7536588016005772,5000.0,2.0
555,2.1739956662989246,5000.0,2.0
556,1.546520358733972,5000.0,2.0
557,0.924892550504768,5000.0,2.0
558,1.1015513713240397,5000.0,2.0
559,1.4527866022362073,5000.0,2.0
560,1.6857480085955838,5000.0,2.0
561,1.0271219302682804,5000.0,2.0
562,1.683728774339907,5000.0,2.0
563,2.6813026589195155,5000.0,2.0
564,1.7673184639260966,5000.0,2.0
565,1.669948068684306,5000.0,2.0
566,1.7767239373160912,5000.0,2.0
567,1.4447036310930257,5000.0,2.0
568,1.5735130599585165,5000.0,2.0
569,1.445888567260226,5000.0,2.0
570,2.0958441786816895,5000.0,2.0
571,2.2983241378391055,5000.0,2.0
572,1.717156076225492,5000.0,2.0
573,1.2941208322724143,5000.0,2.0
574,1.0795253393013573,5000.0,2.0
575,1.2538707259174053,5000.0,2.0
576,1.7250591236196993,5000.0,2.0
577,1.224170913711851,5000.0,2.0
578,1.1302814458653563,5000.0,2.0
579,0.9211443905353943,5000.0,2.0
580,1.403769852630904,5000.0,2.0
581,1.1543537377592594,5000.0,2.0
582,1.894715391898092,5000.0,2.0
583,2.359657198435349,5000.0,2.0
584,1.5508696705955667,5000.0,2.0
585,1.4172114040901467,5000.0,2.0
586,1.5300049129862126,5000.0,2.0
587,1.403857682167052,5000.0,2.0
588,1.6058519263548274,5000.0,2.0
589,1.662021152948519,5000.0,2.0
590,1.508858343642144,5000.0,2.0
591,1.5561948367103524,5000.0,2.0
592,1.7375792945627615,5000.0,2.0
593,1.5590097570012682,5000.0,2.0
594,1.4705713980458928,5000.0,2.0
595,2.0950877357049733,5000.0,2.0
596,1.7717451830442013,5000.0,2.0
597,1.3582914745843682,5000.0,2.0
598,1.4365263971856241,5000.0,2.0
599,2.179106870244162,5000.0,2.0
600,2.062470674285507,5000.0,2.0
601,1.1132846137791008,5000.0,2.0
602,1.1252369667510844,5000.0,2.0
603,1.727949404226165,5000.0,2.0
604,1.2414815683489977,5000.0,2.0
605,0.9977750004312173,5000.0,2.0
606,1.4101754468481,5000.0,2.0
607,1.2611164314182235,5000.0,2.0
608,1.6594633688985614,5000.0,2.0
609,2.301597167846512,5000.0,2.0
610,1.5263267260544744,5000.0,2.0
611,1.563417316617709,5000.0,2.0
612,1.546353003297353,5000.0,2.0
613,1.5690047193394732,5000.0,2.0
614,1.4485167261695893,5000.0,2.0
615,2.1179104991638598,5000.0,2.0
616,1.9070026174367785,5000.0,2.0
617,1.0203956856754224,5000.0,2.0
618,2.4273340473520943,5000.0,2.0
619,1.4067112049412245,5000.0,2.0
620,1.4405819799591828,5000.0,2.0
621,1.7506241087540744,5000.0,2.0
622,1.1383463497261745,5000.0,2.0
623,1.2328810647207074,5000.0,2.0
624,0.9553459200932355,5000.0,2.0
625,1.2606084719777266,5000.0,2.0
626,1.3423935487390406,5000.0,2.0
627,2.254940432062279,5000.0,2.0
628,1.7034112737015525,5000.0,2.0
629,2.7930073985956625,5000.0,2.0
630,2.1880783322681387,5000.0,2.0
631,1.3229333622360482,5000.0,2.0
632,1.8325206371562262,5000.0,2.0
633,1.4408561402970628,5000.0,2.0
634,1.1529630832692266,5000.0,2.0
635,1.553675159285136,5000.0,2.0
636,1.0883137805821752,5000.0,2.0
637,1.2352905180954616,5000.0,2.0
638,1.319243947544796,5000.0,2.0
639,1.9792504203341232,5000.0,2.0
640,1.6945091204297995,5000.0,2.0
641,1.9288994187375956,5000.0,2.0
642,2.1939388599526284,5000.0,2.0
643,1.7819736969654942,5000.0,2.0
644,1.4673940137465717,5000.0,2.0
645,2.6582785380278904,5000.0,2.0
646,1.338161101414031,5000.0,2.0
647,2.9522143197749005,5000.0,2.0
648,1.573322554071293,5000.0,2.0
649,1.4307000531400795,5000.0,2.0
650,1.4665594729739375,5000.0,2.0
651,1.2779911032529734,5000.0,2.0
652,2.5083804071888656,5000.0,2.0
653,1.7379564617818586,5000.0,2.0
654,1.192698423401587,5000.0,2.0
655,1.2378195489757797,5000.0,2.0
656,2.289303269123278,5000.0,2.0
657,1.1487544173078712,5000.0,2.0
658,1.748300657619254,5000.0,2.0
659,1.5770266547316856,5000.0,2.0
660,1.7185224495456637,5000.0,2.0
661,1.8937101868448052,5000.0,2.0
662,0.9318820074667409,5000.0,2.0
663,1.0711326867467534,5000.0,2.0
664,2.401300851725588,5000.0,2.0
665,1.61774764526949,5000.0,2.0
666,1.0798829795950877,5000.0,2.0
667,1.0674366694512019,5000.0,2.0
668,1.4684019890434614,5000.0,2.0
669,1.4649297416231832,5000.0,2.0
670,1.2456254854943642,5000.0,2.0
671,2.8457079779547203,5000.0,2.0
672,2.2331761742335394,5000.0,2.0
673,1.0305941949312398,5000.0,2.0
674,1.7875390812875052,5000.0,2.0
675,1.6747821751739729,5000.0,2.0
676,1.9221203571721333,5000.0,2.0
677,2.298247411396902,5000.0,2.0
678,1.3463510716807345,5000.0,2.0
679,1.6093473748475298,5000.0,2.0
680,1.3359807954533809,5000.0,2.0
681,1.6327149463802408,5000.0,2.0
682,1.3619149561078925,5000.0,2.0
683,2.2799015314629827,5000.0,2.0
684,1.8835754559248319,5000.0,2.0
685,2.258268214935464,5000.0,2.0
686,2.1468746873318336,5000.0,2.0
687,1.2590700489424744,5000.0,2.0
688,2.1505439311000565,5000.0,2.0
689,1.183111119110236,5000.0,2.0
690,1.9151333322682083,5000.0,2.0
691,1.257911903274287,5000.0,2.0
692,1.3391372776180228,5000.0,2.0
693,1.6756851596669704,5000.0,2.0
694,1.6427269836786653,5000.0,2.0
695,1.2556006700985871,5000.0,2.0
696,1.4840368590736785,5000.0,2.0
697,1.9745884269426934,5000.0,2.0
698,1.512694268883763,5000.0,2.0
699,1.1799987051162721,5000.0,2.0
700,1.7651671639401685,5000.0,2.0
701,1.3248092753225138,5000.0,2.0
702,1.8571481654504387,5000.0,2.0
703,1.3464326568559486,5000.0,2.0
704,1.777954710205732,5000.0,2.0
705,1.4875229790449758,5000.0,2.0
706,2.51188174685259,5000.0,2.0
707,1.4650753123401614,5000.0,2.0
708,1.4983267953487327,5000.0,2.0
709,1.560227336123446,5000.0,2.0
710,1.8936450204548818,5000.0,2.0
711,1.4345654265065524,5000.0,2.0
712,1.6086548573872832,5000.0,2.0
713,2.287750764488721,5000.0,2.0
714,1.88354167512132,5000.0,2.0
715,2.197900863482364,5000.0,2.0
716,1.9758682280313187,5000.0,2.0
717,1.495614023733538,5000.0,2.0
718,2.2889310069012434,5000.0,2.0
719,1.8941654622723056,5000.0,2.0
720,1.1906501585011977,5000.0,2.0
721,1.841152823262557,5000.0,2.0
722,1.429800221907605,5000.0,2.0
723,1.644202719346451,5000.0,2.0
724,1.5833235515636446,5000.0,2.0
725,1.8014637683690853,5000.0,2.0
726,1.9711270042039615,5000.0,2.0
727,1.6216928913624056,5000.0,2.0
728,1.8239217923851894,5000.0,2.0
729,2.036865179089917,5000.0,2.0
730,1.257854153553963,5000.0,2.0
731,1.0985996859997977,5000.0,2.0
732,1.8200865327472486,5000.0,2.0
733,1.6793718491993528,5000.0,2.0
734,1.4427452110938854,5000.0,2.0
735,2.1056728433569996,5000.0,2.0
736,1.2830258769254108,5000.0,2.0
737,1.490216851429217,5000.0,2.0
738,1.782784826018368,5000.0,2.0
739,0.9860483764046228,5000.0,2.0
740,1.8474485448425102,5000.0,2.0
741,1.3117011111430787,5000.0,2.0
742,1.214197457608777,5000.0,2.0
743,1.702194749964532,5000.0,2.0
744,1.1794673869823176,5000.0,2.0
745,1.3217723503376266,5000.0,2.0
746,1.11792629702163,5000.0,2.0
747,2.2109002353024843,5000.0,2.0
748,1.3904717287785093,5000.0,2.0
749,1.0375366649067652,5000.0,2.0
750,2.2716520660850708,5000.0,2.0
751,1.541743667605887,5000.0,2.0
752,1.3794222267132301,5000.0,2.0
753,2.6042851608026174,5000.0,2.0
754,1.6550073799373761,5000.0,2.0
755,1.3269618766715134,5000.0,2.0
756,1.4618294434948094,5000.0,2.0
757,1.5452967081121731,5000.0,2.0
758,1.5502403247848147,5000.0,2.0
759,1.9801848308377135,5000.0,2.0
760,1.2211008199623814,5000.0,2.0
761,2.189902803905533,5000.0,2.0
762,2.746639466551292,5000.0,2.0
763,1.6346887282862466,5000.0,2.0
764,1.6757535911069255,5000.0,2.0
765,1.8436074449615059,5000.0,2.0
766,1.9721732226131243,5000.0,2.0
767,1.1714747236759993,5000.0,2.0
768,1.256284510815883,5000.0,2.0
769,1.7568922314097348,5000.0,2.0
770,2.4229021450247057,5000.0,2.0
771,1.7173682181923395,5000.0,2.0
772,1.802554061464727,5000.0,2.0
773,1.2136856003705092,5000.0,2.0
774,1.7012685139371395,5000.0,2.0
775,1.6802802708474363,5000.0,2.0
776,1.2796771574585604,5000.0,2.0
777,1.0567164859112883,5000.0,2.0
778,1.7326368979761162,5000.0,2.0
779,1.4328262921603248,5000.0,2.0
780,1.2005221026016981,5000.0,2.0
781,2.1363153506472696,5000.0,2.0
782,1.8148718944914555,5000.0,2.0
783,1.2268818856368355,5000.0,2.0
784,1.4909970749043,5000.0,2.0
785,1.173541962304323,5000.0,2.0
786,3.1952216914232214,5000.0,2.0
787,1.8168155189189479,5000.0,2.0
788,1.897824763392004,5000.0,2.0
789,1.5081290275480725,5000.0,2.0
790,1.650219737492405,5000.0,2.0
791,0.9967225261507301,5000.0,2.0
792,1.1394757151954549,5000.0,2.0
793,1.5695732692779176,5000.0,2.0
794,2.426671444529006,5000.0,2.0
795,1.525160014383808,5000.0,2.0
796,1.6316958649921365,5000.0,2.0
797,1.1813816687134542,5000.0,2.0
798,1.395197387039609,5000.0,2.0
799,1.7630254172409092,5000.0,2.0
800,1.3883829067057192,5000.0,2.0
801,3.5406240127494937,5000.0,2.0
802,3.4658535588215904,5000.0,2.0
803,1.4091328030937276,5000.0,2.0
804,2.511940690944033,5000.0,2.0
805,2.4207179388136706,5000.0,2.0
806,1.8169948124583541,5000.0,2.0
807,1.0896922947058567,5000.0,2.0
808,1.5549492702154675,5000.0,2.0
809,2.0225073342940196,5000.0,2.0
810,1.2462989641740019,5000.0,2.0
811,1.550128463188513,5000.0,2.0
812,1.3605998020016465,5000.0,2.0
813,1.3337660627323265,5000.0,2.0
814,2.0513924740791416,5000.0,2.0
815,1.9094151480116244,5000.0,2.0
816,1.9765408798756492,5000.0,2.0
817,1.2356012775346978,5000.0,2.0
818,1.862797287155268,5000.0,2.0
819,1.63794746618327,5000.0,2.0
820,1.1174835238110197,5000.0,2.0
821,1.3025502278778032,5000.0,2.0
822,1.5009874325823236,5000.0,2.0
823,2.110274091558401,5000.0,2.0
824,2.0727049534355415,5000.0,2.0
825,1.258208232387037,5000.0,2.0
826,1.6044027363705247,5000.0,2.0
827,1.1840743023745188,5000.0,2.0
828,1.6131345621869038,5000.0,2.0
829,2.1704107489686844,5000.0,2.0
830,1.3985807408546613,5000.0,2.0
831,1.363483180695131,5000.0,2.0
832,1.4701614020257996,5000.0,2.0
833,1.6250686173147773,5000.0,2.0
834,1.5597971017642511,5000.0,2.0
835,1.5435332606396899,5000.0,2.0
836,1.1853206730977748,5000.0,2.0
837,1.4003411554967766,5000.0,2.0
838,1.4492209678541783,5000.0,2.0
839,1.430257622716297,5000.0,2.0
840,2.2913127477948163,5000.0,2.0
841,1.077239709803963,5000.0,2.0
842,1.842014587420331,5000.0,2.0
843,1.6957278081659526,5000.0,2.0
844,1.156495728976268,5000.0,2.0
845,1.407598325299234,5000.0,2.0
846,2.1458928225021343,5000.0,2.0
847,1.5255878094277688,5000.0,2.0
848,1.5198392016834719,5000.0,2.0
849,2.4433799732663393,5000.0,2.0
850,2.140022757417971,5000.0,2.0
851,1.724175907300175,5000.0,2.0
852,1.2050892777458315,5000.0,2.0
853,1.45936445260425,5000.0,2.0
854,2.1912614818932616,5000.0,2.0
855,2.006035518750959,5000.0,2.0
856,1.1227004256055502,5000.0,2.0
857,1.7193137421669413,5000.0,2.0
858,1.8066440759566211,5000.0,2.0
859,1.4882920280649945,5000.0,2.0
860,2.22413139751731,5000.0,2.0
861,1.5378454934242292,5000.0,2.0
862,1.4872785138142879,5000.0,2.0
863,2.0632082177273334,5000.0,2.0
864,1.4166405084980622,5000.0,2.0
865,1.850124650834499,5000.0,2.0
866,1.1103981626481658,5000.0,2.0
867,1.287336210392509,5000.0,2.0
868,2.749123267772747,5000.0,2.0
869,1.5178305778121286,5000.0,2.0
870,1.8025535814689548,5000.0,2.0
871,1.3574971132994058,5000.0,2.0
872,2.1679900785607695,5000.0,2.0
873,1.7241758469423067,5000.0,2.0
874,1.5240245783558661,5000.0,2.0
875,1.7498330291338218,5000.0,2.0
876,1.3559341207162172,5000.0,2.0
877,1.835550686549053,5000.0,2.0
878,1.6810760042167612,5000.0,2.0
879,1.6777187639929012,5000.0,2.0
880,1.2349573027302496,5000.0,2.0
881,1.9210737393622102,5000.0,2.0
882,1.932895386068074,5000.0,2.0
883,1.5800162110347604,5000.0,2.0
884,1.533641356072373,5000.0,2.0
885,2.1777389470231783,5000.0,2.0
886,2.6436265730295223,5000.0,2.0
887,1.476386920406634,5000.0,2.0
888,1.652566520014467,5000.0,2.0
889,1.3385137092555905,5000.0,2.0
890,1.6785286690458807,5000.0,2.0
891,1.3448110217384999,5000.0,2.0
892,1.2166670062730645,5000.0,2.0
893,1.207021464838849,5000.0,2.0
894,1.0819712218366981,5000.0,2.0
895,2.0778504618127718,5000.0,2.0
896,1.2339085453792462,5000.0,2.0
897,1.4269584547375578,5000.0,2.0
898,2.635264826453611,5000.0,2.0
899,2.3335119443379044,5000.0,2.0
900,1.234077433347407,5000.0,2.0
901,1.4888309758287663,5000.0,2.0
902,1.6023723470994948,5000.0,2.0
903,1.3793412361855208,5000.0,2.0
904,1.8259027930612939,5000.0,2.0
905,1.677673976933016,5000.0,2.0
906,2.37322805712284,5000.0,2.0
907,1.2888688274862332,5000.0,2.0
908,1.7809602879082067,5000.0,2.0
909,1.676783763828522,5000.0,2.0
910,1.1880375172124893,5000.0,2.0
911,1.3473784738157712,5000.0,2.0
912,1.63477208913541,5000.0,2.0
913,1.1626513281433923,5000.0,2.0
914,2.1635887279041164,5000.0,2.0
915,2.0755566588085452,5000.0,2.0
916,1.8918091694447183,5000.0,2.0
917,2.6140525203150093,5000.0,2.0
918,2.228559088229367,5000.0,2.0
919,1.434885192838296,5000.0,2.0
920,1.1780119344482423,5000.0,2.0
921,1.522333447349573,5000.0,2.0
922,1.687886711160017,5000.0,2.0
923,2.19853602235988,5000.0,2.0
924,1.5605158528723373,5000.0,2.0
925,1.54892007102908,5000.0,2.0
926,1.5141784158724152,5000.0,2.0
927,1.6692866327408773,5000.0,2.0
928,1.534537582842381,5000.0,2.0
929,1.600831311119533,5000.0,2.0
930,1.4903754763069266,5000.0,2.0
931,1.5060271024756584,5000.0,2.0
932,1.7540985753660487,5000.0,2.0
933,0.9578087032411992,5000.0,2.0
934,1.9303559363913991,5000.0,2.0
935,1.8666099605596276,5000.0,2.0
936,2.1707521964883703,5000.0,2.0
937,1.6400804593670444,5000.0,2.0
938,2.720563714194974,5000.0,2.0
939,1.4510993713755607,5000.0,2.0
940,1.3119666418020213,5000.0,2.0
941,2.046199252777011,5000.0,2.0
942,1.7510752564517542,5000.0,2.0
943,1.2529756614536114,5000.0,2.0
944,1.3659316480378825,5000.0,2.0
945,1.8476897280947975,5000.0,2.0
946,1.4219561796618059,5000.0,2.0
947,1.424673679593439,5000.0,2.0
948,1.3966038172650597,5000.0,2.0
949,1.8862550413588193,5000.0,2.0
950,1.1186768124409963,5000.0,2.0
951,1.2797301514269284,5000.0,2.0
952,1.4288180328116071,5000.0,2.0
953,1.1269116624435223,5000.0,2.0
954,1.2239801352930508,5000.0,2.0
955,1.4006899554078716,5000.0,2.0
956,1.1636001663666555,5000.0,2.0
957,1.0892710905843757,5000.0,2.0
958,1.2131765958280072,5000.0,2.0
959,1.4604591181482218,5000.0,2.0
960,1.426431271007861,5000.0,2.0
961,2.3792452091299,5000.0,2.0
962,2.2161201734525267,5000.0,2.0
963,1.4591437959558269,5000.0,2.0
964,1.951787417472346,5000.0,2.0
965,1.1646087547728776,5000.0,2.0
966,0.7488264224829211,5000.0,2.0
967,1.4277494836720075,5000.0,2.0
968,1.4419031579340977,5000.0,2.0
969,1.8872524989901027,5000.0,2.0
970,1.5205521547596659,5000.0,2.0
971,1.4200494844704092,5000.0,2.0
972,1.1703748729220984,5000.0,2.0
973,0.9988394800320373,5000.0,2.0
974,1.4830724695142443,5000.0,2.0
975,1.4330172159673282,5000.0,2.0
976,1.249960385991639,5000.0,2.0
977,3.346372404135047,5000.0,2.0
978,1.6248438689884832,5000.0,2.0
979,1.96066284064469,5000.0,2.0
980,1.850154734091514,5000.0,2.0
981,1.038184474567724,5000.0,2.0
982,2.1189703501331874,5000.0,2.0
983,1.1360971335478647,5000.0,2.0
984,1.3126235912362676,5000.0,2.0
985,1.8606600741512578,5000.0,2.0
986,1.3275029414100579,5000.0,2.0
987,1.2707884894525472,5000.0,2.0
988,1.5435529148091234,5000.0,2.0
989,1.874380247712449,5000.0,2.0
990,1.7174377672247831,5000.0,2.0
991,1.7566608186739359,5000.0,2.0
992,1.019724407518613,5000.0,2.0
993,1.8336738990576806,5000.0,2.0
994,2.4190983178735705,5000.0,2.0
995,2.8747392160277907,5000.0,2.0
996,1.4007882313899565,5000.0,2.0
997,1.3964402259770707,5000.0,2.0
998,1.785789455608414,5000.0,2.0
999,2.1152490246499807,5000.0,2.0
1000,0.6929445261767755,5000.0,4.0
1001,0.4627906113104747,5000.0,4.0
1002,0.6715668433437847,5000.0,4.0
1003,0.5146493665019382,5000.0,4.0
1004,0.4353037698787146,5000.0,4.0
1005,1.3624965951272499,5000.0,4.0
1006,0.9974425715226812,5000.0,4.0
1007,0.7897601848992732,5000.0,4.0
1008,0.5023416733098249,5000.0,4.0
1009,0.47355541260668005,5000.0,4.0
1010,0.6581647074529545,5000.0,4.0
1011,0.6807651414311808,5000.0,4.0
1012,0.8910395277629013,5000.0,4.0
1013,0.8184115470613934,5000.0,4.0
1014,0.5216391051295949,5000.0,4.0
1015,0.7899991154688706,5000.0,4.0
1016,0.49024253903434256,5000.0,4.0
1017,1.01291955822598,5000.0,4.0
1018,0.5475951458295496,5000.0,4.0
1019,1.0889091505840716,5000.0,4.0
1020,0.8146398068232439,5000.0,4.0
1021,0.7083426962131648,5000.0,4.0
1022,0.6158566010262805,5000.0,4.0
1023,0.8535859979258159,5000.0,4.0
1024,1.2617604606769237,5000.0,4.0
1025,0.7499070222714891,5000.0,4.0
1026,0.5568522161883169,5000.0,4.0
1027,0.8160931735049147,5000.0,4.0
1028,0.6827304542839341,5000.0,4.0
1029,0.5476277186281772,5000.0,4.0
1030,0.6421948519311164,5000.0,4.0
1031,0.9838361646603313,5000.0,4.0
1032,0.6778153908690779,5000.0,4.0
1033,0.7115469072554466,5000.0,4.0
1034,0.8766201548566162,5000.0,4.0
1035,0.4990935848983763,5000.0,4.0
1036,0.6269639442693851,5000.0,4.0
1037,0.8627439798308922,5000.0,4.0
1038,0.7638230992055255,5000.0,4.0
1039,0.7791960987735959,5000.0,4.0
1040,0.5797369783859613,5000.0,4.0
1041,1.0621470129735227,5000.0,4.0
1042,0.6631271712736662,5000.0,4.0
1043,0.5873640247927522,5000.0,4.0
1044,0.6141839494637398,5000.0,4.0
1045,0.5825590834244662,5000.0,4.0
1046,0.6116840318279421,5000.0,4.0
1047,0.7279533872111305,5000.0,4.0
1048,1.2891743242040965,5000.0,4.0
1049,0.7795269209729642,5000.0,4.0
1050,0.7638151301295227,5000.0,4.0
1051,0.565390686202751,5000.0,4.0
1052,0.7184081109578928,5000.0,4.0
1053,1.0414420402233762,5000.0,4.0
1054,0.9611646697591143,5000.0,4.0
1055,0.6292066885720735,5000.0,4.0
1056,0.7882967156408491,5000.0,4.0
1057,1.0508029629396185,5000.0,4.0
1058,1.2521033996780524,5000.0,4.0
1059,1.1743096263060522,5000.0,4.0
1060,0.6279736524340984,5000.0,4.0
1061,0.4815886524636621,5000.0,4.0
1062,0.6881152074728101,5000.0,4.0
1063,0.926782002306978,5000.0,4.0
1064,0.7629875203491638,5000.0,4.0
1065,1.3578757359698101,5000.0,4.0
1066,0.8051201566554214,5000.0,4.0
1067,0.7565992417199338,5000.0,4.0
1068,0.709434603263644,5000.0,4.0
1069,0.6440714735662698,5000.0,4.0
1070,0.49832803417839605,5000.0,4.0
1071,0.8036199474137846,5000.0,4.0
1072,0.7593238328563559,5000.0,4.0
1073,0.8229227606142218,5000.0,4.0
1074,0.5992027756120973,5000.0,4.0
1075,0.5489324948253803,5000.0,4.0
1076,1.0858555704162478,5000.0,4.0
1077,0.6158726453052255,5000.0,4.0
1078,0.6381720942871812,5000.0,4.0
1079,0.522649259441343,5000.0,4.0
1080,0.7162425545690767,5000.0,4.0
1081,0.8517636416601032,5000.0,4.0
1082,0.512267926017167,5000.0,4.0
1083,0.93737657757962,5000.0,4.0
1084,0.6961914174100161,5000.0,4.0
1085,1.2207054895129987,5000.0,4.0
1086,0.52813115051988,5000.0,4.0
1087,0.8589595620682018,5000.0,4.0
1088,0.8145965185469259,5000.0,4.0
1089,1.240023720932005,5000.0,4.0
1090,0.45220667494102657,5000.0,4.0
1091,0.47677770578388773,5000.0,4.0
1092,0.9887936978875128,5000.0,4.0
1093,0.8001798364299155,5000.0,4.0
1094,0.9746152446986065,5000.0,4.0
1095,1.0591306293774798,5000.0,4.0
1096,0.7899554326034395,5000.0,4.0
1097,0.9511381370269625,5000.0,4.0
1098,1.3646609846505195,5000.0,4.0
1099,0.7816130933759183,5000.0,4.0
1100,0.6545418287978934,5000.0,4.0
1101,0.6288632018032183,5000.0,4.0
1102,0.4921736087467969,5000.0,4.0
1103,0.7952879276500826,5000.0,4.0
1104,0.814736115592526,5000.0,4.0
1105,1.7626684175067378,5000.0,4.0
1106,0.7417587801067178,5000.0,4.0
1107,0.4670380896282083,5000.0,4.0
1108,0.5599963414561416,5000.0,4.0
1109,0.6875744968632357,5000.0,4.0
1110,0.6915714423084726,5000.0,4.0
1111,0.8152948885679618,5000.0,4.0
1112,0.8940240587185426,5000.0,4.0
1113,0.6055381756477051,5000.0,4.0
1114,0.47406666433558475,5000.0,4.0
1115,1.2816305352729969,5000.0,4.0
1116,0.6350260755893361,5000.0,4.0
1117,0.8045397164856384,5000.0,4.0
1118,0.967840514913735,5000.0,4.0
1119,0.6771905990191904,5000.0,4.0
1120,0.6068903152567499,5000.0,4.0
1121,0.6841759375978383,5000.0,4.0
1122,0.45245063355574766,5000.0,4.0
1123,0.5448131573801375,5000.0,4.0
1124,1.0412734569828488,5000.0,4.0
1125,0.9629259283937291,5000.0,4.0
1126,0.5363203574059168,5000.0,4.0
1127,0.9472424198910141,5000.0,4.0
1128,0.44416375754839754,5000.0,4.0
1129,0.5592028238649343,5000.0,4.0
1130,0.7128951140093218,5000.0,4.0
1131,0.700475199374474,5000.0,4.0
1132,0.86639551690931,5000.0,4.0
1133,1.5588283779724872,5000.0,4.0
1134,0.6492890112729227,5000.0,4.0
1135,0.601163865499883,5000.0,4.0
1136,0.8240121029986472,5000.0,4.0
1137,0.6405646354447792,5000.0,4.0
1138,0.6356369352713722,5000.0,4.0
1139,0.5821354237550522,5000.0,4.0
1140,0.7153521246054807,5000.0,4.0
1141,0.8027054228186972,5000.0,4.0
1142,1.020816586158416,5000.0,4.0
1143,0.5450496502675198,5000.0,4.0
1144,0.680075921188833,5000.0,4.0
1145,0.5369168526763233,5000.0,4.0
1146,0.7602214913187696,5000.0,4.0
1147,0.5658828962681371,5000.0,4.0
1148,0.9103118265951269,5000.0,4.0
1149,0.8595273782200517,5000.0,4.0
1150,0.6009068880311679,5000.0,4.0
1151,0.45496200158939937,5000.0,4.0
1152,0.8658409371400325,5000.0,4.0
1153,0.9838557941946894,5000.0,4.0
1154,0.92030099027348,5000.0,4.0
1155,0.9651701777114072,5000.0,4.0
1156,0.7142803525362147,5000.0,4.0
1157,1.2282083993824024,5000.0,4.0
1158,0.7381374042394209,5000.0,4.0
1159,0.6202020273303337,5000.0,4.0
1160,0.622019244485482,5000.0,4.0
1161,0.720917575372856,5000.0,4.0
1162,0.38576813386230435,5000.0,4.0
1163,0.7424495501736554,5000.0,4.0
1164,0.8270379588709781,5000.0,4.0
1165,0.5889633273850005,5000.0,4.0
1166,0.622104262105823,5000.0,4.0
1167,0.5853659547190777,5000.0,4.0
1168,0.49661790611419165,5000.0,4.0
1169,0.6725056027464963,5000.0,4.0
1170,0.7600877248253092,5000.0,4.0
1171,0.6196847847108086,5000.0,4.0
1172,0.6684122343067685,5000.0,4.0
1173,0.703058458475266,5000.0,4.0
1174,0.5765485878159944,5000.0,4.0
1175,0.6197955048767732,5000.0,4.0
1176,0.7362752311003292,5000.0,4.0
1177,0.6941329098213406,5000.0,4.0
1178,0.6275394864985905,5000.0,4.0
1179,0.6987767399031347,5000.0,4.0
1180,0.7569287408499044,5000.0,4.0
1181,0.8561136671012417,5000.0,4.0
1182,0.6673299217597285,5000.0,4.0
1183,0.570244426488731,5000.0,4.0
1184,0.4965324413496005,5000.0,4.0
1185,0.8205519360557814,5000.0,4.0
1186,0.6656248433285036,5000.0,4.0
1187,0.7410728579896239,5000.0,4.0
1188,0.8569426219960423,5000.0,4.0
1189,1.557371327748689,5000.0,4.0
1190,0.5363998865353167,5000.0,4.0
1191,0.7099850851438323,5000.0,4.0
1192,0.7612415323625017,5000.0,4.0
1193,0.7276352759456206,5000.0,4.0
1194,1.1233870150388663,5000.0,4.0
1195,0.6607269423671571,5000.0,4.0
1196,0.9380988118740082,5000.0,4.0
1197,0.47118868246604473,5000.0,4.0
1198,0.5863144574084954,5000.0,4.0
1199,1.3854141795833996,5000.0,4.0
1200,0.972008448974658,5000.0,4.0
1201,0.7640744068254395,5000.0,4.0
1202,0.6058818575688465,5000.0,4.0
1203,0.7842079409613363,5000.0,4.0
1204,0.7491213428457704,5000.0,4.0
1205,1.117732869782276,5000.0,4.0
1206,0.799085931061025,5000.0,4.0
1207,0.6221810782100965,5000.0,4.0
1208,0.7215975850663503,5000.0,4.0
1209,0.7280381280979228,5000.0,4.0
1210,0.9426098182126552,5000.0,4.0
1211,0.6662661395915951,5000.0,4.0
1212,0.5960460340491891,5000.0,4.0
1213,1.3671109553677543,5000.0,4.0
1214,0.6111135222921874,5000.0,4.0
1215,0.5450007086232758,5000.0,4.0
1216,0.6295248734179796,5000.0,4.0
1217,0.5655022551939807,5000.0,4.0
1218,0.6786469346271754,5000.0,4.0
1219,1.0577133377746395,5000.0,4.0
1220,0.8958591110225141,5000.0,4.0
1221,0.43805976843774824,5000.0,4.0
1222,0.5108226472332201,5000.0,4.0
1223,0.8389892558732889,5000.0,4.0
1224,0.675993480339175,5000.0,4.0
1225,0.8250949896106795,5000.0,4.0
1226,0.7359244338022884,5000.0,4.0
1227,0.5943552129919987,5000.0,4.0
1228,0.9133036225317599,5000.0,4.0
1229,0.6251220570319203,5000.0,4.0
1230,0.6099677656658823,5000.0,4.0
1231,0.5573206737763415,5000.0,4.0
1232,0.8362686798841827,5000.0,4.0
1233,0.7105674016249609,5000.0,4.0
1234,0.6645875757213576,5000.0,4.0
1235,1.0167865945451642,5000.0,4.0
1236,0.5247978063675091,5000.0,4.0
1237,0.8005215624296088,5000.0,4.0
1238,0.5748198565156204,5000.0,4.0
1239,0.5276242413770231,5000.0,4.0
1240,0.5469216240611724,5000.0,4.0
1241,1.3970749381824181,5000.0,4.0
1242,0.7996056656726862,5000.0,4.0
1243,1.0602519835653634,5000.0,4.0
1244,0.8989671724326952,5000.0,4.0
1245,0.7287128032816396,5000.0,4.0
1246,0.4426318777166034,5000.0,4.0
1247,0.643485657525879,5000.0,4.0
1248,0.6295886220267468,5000.0,4.0
1249,0.7249679621865917,5000.0,4.0
1250,0.954330241074587,5000.0,4.0
1251,0.8055367588649323,5000.0,4.0
1252,1.0820496457908557,5000.0,4.0
1253,0.5652032590608945,5000.0,4.0
1254,0.7055382381480476,5000.0,4.0
1255,1.0352521460414166,5000.0,4.0
1256,0.7979872338370425,5000.0,4.0
1257,0.6194939871104327,5000.0,4.0
1258,0.9426560734595827,5000.0,4.0
1259,1.4487311561365797,5000.0,4.0
1260,0.5159420777819168,5000.0,4.0
1261,0.8193578457225267,5000.0,4.0
1262,0.9627749120702558,5000.0,4.0
1263,0.7161468954496121,5000.0,4.0
1264,0.5662200566438531,5000.0,4.0
1265,0.6725970399286886,5000.0,4.0
1266,0.7531157422232156,5000.0,4.0
1267,0.8005569268178033,5000.0,4.0
1268,0.9898517604797825,5000.0,4.0
1269,0.6607078931143414,5000.0,4.0
1270,0.6808531168521568,5000.0,4.0
1271,0.607610778507038,5000.0,4.0
1272,0.5831494768624641,5000.0,4.0
1273,0.6194907867701576,5000.0,4.0
1274,0.7763533499680106,5000.0,4.0
1275,0.7377909795839022,5000.0,4.0
1276,0.9731323636655579,5000.0,4.0
1277,0.7778287831137779,5000.0,4.0
1278,0.8131165482350866,5000.0,4.0
1279,0.8950032808721299,5000.0,4.0
1280,0.9034967724242826,5000.0,4.0
1281,0.6664618723752368,5000.0,4.0
1282,0.9933283076214848,5000.0,4.0
1283,1.2701708201698383,5000.0,4.0
1284,0.6394751698113432,5000.0,4.0
1285,0.6418952892129027,5000.0,4.0
1286,0.9276547600107471,5000.0,4.0
1287,0.5901393085274722,5000.0,4.0
1288,0.5985598820547002,5000.0,4.0
1289,0.7964328590086761,5000.0,4.0
1290,0.7615890305731841,5000.0,4.0
1291,0.4819179293427284,5000.0,4.0
1292,1.2125762532868134,5000.0,4.0
1293,0.8217613946360596,5000.0,4.0
1294,0.8299362755024984,5000.0,4.0
1295,0.519103849794789,5000.0,4.0
1296,0.8873149417278399,5000.0,4.0
1297,0.5577380685100978,5000.0,4.0
1298,1.01770318162517,5000.0,4.0
1299,1.2034217320958875,5000.0,4.0
1300,0.7529403033445162,5000.0,4.0
1301,0.7173378943954399,5000.0,4.0
1302,0.8967745304970862,5000.0,4.0
1303,0.5722081352106195,5000.0,4.0
1304,0.5867931129630204,5000.0,4.0
1305,0.9282846161502075,5000.0,4.0
1306,0.8431664718011438,5000.0,4.0
1307,0.9314425395991249,5000.0,4.0
1308,0.5395447271525216,5000.0,4.0
1309,1.2560912336621028,5000.0,4.0
1310,0.4427367154693573,5000.0,4.0
1311,0.6167258196242181,5000.0,4.0
1312,0.5522384361614395,5000.0,4.0
1313,1.1414251838764455,5000.0,4.0
1314,0.6064852451018111,5000.0,4.0
1315,1.184392029343928,5000.0,4.0
1316,0.4172161070649438,5000.0,4.0
1317,1.0055185257488435,5000.0,4.0
1318,1.2176598537306544,5000.0,4.0
1319,0.8354374636824373,5000.0,4.0
1320,0.47974546228076176,5000.0,4.0
1321,0.6851401570293519,5000.0,4.0
1322,1.0376316093484963,5000.0,4.0
1323,0.5827088407105775,5000.0,4.0
1324,0.5578265089606388,5000.0,4.0
1325,0.5776090724836049,5000.0,4.0
1326,0.7711712210987612,5000.0,4.0
1327,0.733367944825374,5000.0,4.0
1328,0.45073913386154807,5000.0,4.0
1329,1.322263134007118,5000.0,4.0
1330,0.4814635784088665,5000.0,4.0
1331,0.5724908620415292,5000.0,4.0
1332,0.6017988224915942,5000.0,4.0
1333,0.8115009725527889,5000.0,4.0
1334,0.9018079706064098,5000.0,4.0
1335,0.6999378264588004,5000.0,4.0
1336,1.1006154637969356,5000.0,4.0
1337,0.8362505840246469,5000.0,4.0
1338,0.9569695579380026,5000.0,4.0
1339,0.8354046708096255,5000.0,4.0
1340,1.1390951468225987,5000.0,4.0
1341,1.0942705695361659,5000.0,4.0
1342,0.5416126000483544,5000.0,4.0
1343,0.7077648526491761,5000.0,4.0
1344,0.5398351835145713,5000.0,4.0
1345,0.7175223506925706,5000.0,4.0
1346,0.6562133978635835,5000.0,4.0
1347,0.37461240152300773,5000.0,4.0
1348,0.6564793653788572,5000.0,4.0
1349,0.6648812318605234,5000.0,4.0
1350,0.9600733023683555,5000.0,4.0
1351,0.7618312244767984,5000.0,4.0
1352,0.8016156240441537,5000.0,4.0
1353,0.6915204301902523,5000.0,4.0
1354,0.8543603853448074,5000.0,4.0
1355,0.8097596909721242,5000.0,4.0
1356,0.605814628890751,5000.0,4.0
1357,1.1904426943205668,5000.0,4.0
1358,0.5822802899188918,5000.0,4.0
1359,0.6136489270029657,5000.0,4.0
1360,0.5740145470111464,5000.0,4.0
1361,0.8102385571615365,5000.0,4.0
1362,0.7731231201558829,5000.0,4.0
1363,0.6104795666492105,5000.0,4.0
1364,0.8292696048486298,5000.0,4.0
1365,1.0943062145524132,5000.0,4.0
1366,1.3908772697054343,5000.0,4.0
1367,0.8005561193265832,5000.0,4.0
1368,0.6337992780479946,5000.0,4.0
1369,0.47852207180740797,5000.0,4.0
1370,0.5918589613255193,5000.0,4.0
1371,0.8760146346777067,5000.0,4.0
1372,1.3460961338503574,5000.0,4.0
1373,0.7236740384223046,5000.0,4.0
1374,0.8690516446012989,5000.0,4.0
1375,0.727180885033363,5000.0,4.0
1376,0.5015208261574023,5000.0,4.0
1377,1.2394687934591149,5000.0,4.0
1378,0.7172940272283947,5000.0,4.0
1379,0.9458923003276417,5000.0,4.0
1380,0.8294128989307159,5000.0,4.0
1381,0.6286668568542797,5000.0,4.0
1382,0.49096366407008374,5000.0,4.0
1383,0.8762588890049589,5000.0,4.0
1384,0.4945848299116568,5000.0,4.0
1385,0.6677402421538887,5000.0,4.0
1386,0.9756063019115958,5000.0,4.0
1387,0.436667860242402,5000.0,4.0
1388,0.7195696287668957,5000.0,4.0
1389,0.9344419862060056,5000.0,4.0
1390,0.5822040428781706,5000.0,4.0
1391,0.8185918615814057,5000.0,4.0
1392,0.6063197997177947,5000.0,4.0
1393,0.6869630960560095,5000.0,4.0
1394,0.914376153178537,5000.0,4.0
1395,0.7068609455667545,5000.0,4.0
1396,0.9532230037875481,5000.0,4.0
1397,0.628711631590836,5000.0,4.0
1398,0.6649779648941814,5000.0,4.0
1399,1.0586297949037935,5000.0,4.0
1400,0.5362869490074385,5000.0,4.0
1401,0.5281102347544491,5000.0,4.0
1402,2.128580737256858,5000.0,4.0
1403,0.8789250479222057,5000.0,4.0
1404,0.9479159430089023,5000.0,4.0
1405,0.5395197589136693,5000.0,4.0
1406,0.8077857302555008,5000.0,4.0
1407,1.471042133959299,5000.0,4.0
1408,0.45161982477605833,5000.0,4.0
1409,0.9359378320428814,5000.0,4.0
1410,0.6974939854331991,5000.0,4.0
1411,0.8148057317063654,5000.0,4.0
1412,0.8445384721322287,5000.0,4.0
1413,0.4036581562394474,5000.0,4.0
1414,0.5825018737998838,5000.0,4.0
1415,0.8368016518551389,5000.0,4.0
1416,1.070444750585112,5000.0,4.0
1417,0.6871479403343148,5000.0,4.0
1418,1.6131245372590344,5000.0,4.0
1419,0.7299682515397717,5000.0,4.0
1420,0.663865594742122,5000.0,4.0
1421,0.6936019135302467,5000.0,4.0
1422,1.1771687696049355,5000.0,4.0
1423,1.0955730910631793,5000.0,4.0
1424,1.1921705590942326,5000.0,4.0
1425,0.6163917934339587,5000.0,4.0
1426,0.7045489693048426,5000.0,4.0
1427,0.766745825579593,5000.0,4.0
1428,0.4721781902699759,5000.0,4.0
1429,0.6254495496945051,5000.0,4.0
1430,0.6523222321892678,5000.0,4.0
1431,0.6076494346925603,5000.0,4.0
1432,0.5726338490587634,5000.0,4.0
1433,0.7012114368221124,5000.0,4.0
1434,0.7588845826745796,5000.0,4.0
1435,1.4592988469127701,5000.0,4.0
1436,0.6380253038920206,5000.0,4.0
1437,0.47928689045276307,5000.0,4.0
1438,0.5461785094744867,5000.0,4.0
1439,0.9958713459168484,5000.0,4.0
1440,0.630538109852649,5000.0,4.0
1441,1.074701085879351,5000.0,4.0
1442,0.6452423068747292,5000.0,4.0
1443,0.6008622473947034,5000.0,4.0
1444,0.518467332105461,5000.0,4.0
1445,0.841474398224727,5000.0,4.0
1446,0.5249276764570822,5000.0,4.0
1447,0.6309848298017712,5000.0,4.0
1448,0.6106075470844333,5000.0,4.0
1449,0.5312440097847296,5000.0,4.0
1450,0.5863264205958955,5000.0,4.0
1451,1.2432989202418803,5000.0,4.0
1452,1.0805347578591946,5000.0,4.0
1453,0.6597327933198076,5000.0,4.0
1454,0.53506896397078,5000.0,4.0
1455,0.8531358416088493,5000.0,4.0
1456,0.5393703301033406,5000.0,4.0
1457,0.5520030542653042,5000.0,4.0
1458,0.7606683619328491,5000.0,4.0
1459,0.7869814552734044,5000.0,4.0
1460,1.6948790861539127,5000.0,4.0
1461,0.8259171767216636,5000.0,4.0
1462,0.6385052831763601,5000.0,4.0
1463,0.95540725443778,5000.0,4.0
1464,0.591152450859905,5000.0,4.0
1465,0.6375046028705916,5000.0,4.0
1466,1.1190961328573543,5000.0,4.0
1467,0.5180192016804406,5000.0,4.0
1468,0.6632924877222164,5000.0,4.0
1469,0.9570794702573868,5000.0,4.0
1470,0.44521088327888264,5000.0,4.0
1471,0.5232598107462116,5000.0,4.0
1472,0.8931648348330924,5000.0,4.0
1473,0.6585098318365148,5000.0,4.0
1474,0.7157072025848749,5000.0,4.0
1475,0.5683087856707232,5000.0,4.0
1476,0.6745038008061354,5000.0,4.0
1477,0.5306600609936574,5000.0,4.0
1478,0.9624443830095366,5000.0,4.0
1479,0.69472004772356,5000.0,4.0
1480,0.5984178369666787,5000.0,4.0
1481,0.8796020962408476,5000.0,4.0
1482,0.6866771765584484,5000.0,4.0
1483,0.49902268875317185,5000.0,4.0
1484,0.628127006901848,5000.0,4.0
1485,0.905432286348691,5000.0,4.0
1486,0.5942256415615165,5000.0,4.0
1487,0.6046208851699535,5000.0,4.0
1488,0.664689948848181,5000.0,4.0
1489,0.45867314061200143,5000.0,4.0
1490,0.5873499858183076,5000.0,4.0
1491,0.7054191005704578,5000.0,4.0
1492,0.5106309896132092,5000.0,4.0
1493,0.8947368181195732,5000.0,4.0
1494,0.7336737387609655,5000.0,4.0
1495,0.6990749939607542,5000.0,4.0
1496,0.4835643390072003,5000.0,4.0
1497,0.4957018596652664,5000.0,4.0
1498,0.6880980679404906,5000.0,4.0
1499,0.5323758013681243,5000.0,4.0
