MeanWaitingTime,CustomerCount,Servers,Method
1.0934584500190208,5000,1,prior
1.3513343137807452,5000,1,prior
1.1315574025929995,5000,1,prior
1.7182744508348984,5000,1,prior
1.1478303314065945,5000,1,prior
1.1813391859790747,5000,1,prior
1.641246140419161,5000,1,prior
1.2289525602237548,5000,1,prior
1.0378897203851103,5000,1,prior
1.2841929800181675,5000,1,prior
1.5597811380507176,5000,1,prior
0.9646036073133919,5000,1,prior
1.3850735150572238,5000,1,prior
1.5372593116934774,5000,1,prior
0.9848411758202423,5000,1,prior
1.498370035302579,5000,1,prior
0.9646251940497826,5000,1,prior
1.2153219360149343,5000,1,prior
1.3887406030540483,5000,1,prior
1.2533139449219994,5000,1,prior
1.073251276443479,5000,1,prior
1.2453172207096554,5000,1,prior
1.7090556391952967,5000,1,prior
1.0721614721023303,5000,1,prior
1.1638447845835347,5000,1,prior
1.2506701428203617,5000,1,prior
1.3189030397599075,5000,1,prior
1.1490381029560812,5000,1,prior
1.0627639535635216,5000,1,prior
1.361716919270004,5000,1,prior
1.006868575411858,5000,1,prior
1.2249087974156039,5000,1,prior
1.1650684732464691,5000,1,prior
1.0133263494869058,5000,1,prior
1.2756678195381623,5000,1,prior
1.2050572011350904,5000,1,prior
1.2324490695418742,5000,1,prior
0.9929342197031441,5000,1,prior
1.0473053164462096,5000,1,prior
1.5317953651373,5000,1,prior
1.189259683259363,5000,1,prior
1.2543106038550835,5000,1,prior
0.9729666113316302,5000,1,prior
1.55825262727953,5000,1,prior
0.8712814007880048,5000,1,prior
0.9681309656594851,5000,1,prior
1.2034051706139288,5000,1,prior
1.1958521833140197,5000,1,prior
1.1941061211141812,5000,1,prior
1.1668577141188259,5000,1,prior
1.3809273099777764,5000,1,prior
1.3738332689324517,5000,1,prior
1.1221765586523178,5000,1,prior
1.732109730212839,5000,1,prior
0.910251153781364,5000,1,prior
1.0302427135730816,5000,1,prior
1.320827601752511,5000,1,prior
1.0061865747596572,5000,1,prior
1.4750312461864215,5000,1,prior
1.6840990979551462,5000,1,prior
1.3265788250132844,5000,1,prior
1.121033921318128,5000,1,prior
1.0562626451894352,5000,1,prior
1.1693572315998755,5000,1,prior
1.4733032453532564,5000,1,prior
1.223618188221119,5000,1,prior
1.130471835687903,5000,1,prior
1.0524197888787923,5000,1,prior
0.9494205429651098,5000,1,prior
1.403336571138104,5000,1,prior
1.3068712012937485,5000,1,prior
1.1159721476335325,5000,1,prior
1.2045009821027848,5000,1,prior
1.2743012466048178,5000,1,prior
1.3306160510381377,5000,1,prior
1.1112191579239061,5000,1,prior
1.1137382462374035,5000,1,prior
1.2836165016102283,5000,1,prior
1.2195217201234598,5000,1,prior
1.2190374038559817,5000,1,prior
1.2368481388332693,5000,1,prior
1.3560807217319044,5000,1,prior
1.712347323408872,5000,1,prior
1.4400764743999237,5000,1,prior
1.1714572714585203,5000,1,prior
2.1814838185877257,5000,1,prior
1.2096489616620376,5000,1,prior
1.2409770362294559,5000,1,prior
0.9620031945540117,5000,1,prior
1.2665974597777987,5000,1,prior
1.5011008788729472,5000,1,prior
1.5394094508785732,5000,1,prior
1.3279843649143792,5000,1,prior
1.1492122719241302,5000,1,prior
0.9503588408010979,5000,1,prior
1.039019645542913,5000,1,prior
1.617420890166867,5000,1,prior
1.0141768015553643,5000,1,prior
1.1521932996549378,5000,1,prior
1.0594722587587695,5000,1,prior
1.1578485343566398,5000,1,prior
1.4356923952752327,5000,1,prior
1.2363470169799264,5000,1,prior
1.0695127395725168,5000,1,prior
1.118301913496673,5000,1,prior
1.0441796710394835,5000,1,prior
1.3466033602076513,5000,1,prior
1.2485000029597761,5000,1,prior
1.6632429976281782,5000,1,prior
1.0503399008204533,5000,1,prior
1.7329814595371935,5000,1,prior
0.9841029948522333,5000,1,prior
1.2939859581495283,5000,1,prior
1.2129000241551589,5000,1,prior
1.4200972906246792,5000,1,prior
1.317033633852396,5000,1,prior
1.5475371120553083,5000,1,prior
1.018545907432389,5000,1,prior
1.4905738161908098,5000,1,prior
0.9684186238769791,5000,1,prior
1.0540843747713522,5000,1,prior
1.3058182859384313,5000,1,prior
1.065486711983351,5000,1,prior
1.3352820285898643,5000,1,prior
1.3346803537491179,5000,1,prior
1.0597035686424667,5000,1,prior
1.1659621682854668,5000,1,prior
1.6079355744012294,5000,1,prior
1.197011842263348,5000,1,prior
1.146303596194045,5000,1,prior
1.0623579028294736,5000,1,prior
0.8074472211125658,5000,1,prior
2.2270356767335304,5000,1,prior
1.227697140642645,5000,1,prior
1.5682461870761792,5000,1,prior
1.6989267616861594,5000,1,prior
1.1296474464344868,5000,1,prior
1.1978749547687912,5000,1,prior
1.6054384280830891,5000,1,prior
1.215292940906032,5000,1,prior
1.071587821332795,5000,1,prior
1.0730224202300238,5000,1,prior
0.8271164605571992,5000,1,prior
1.6041911415266115,5000,1,prior
1.0261084650573091,5000,1,prior
1.0520747914927502,5000,1,prior
1.540293354170706,5000,1,prior
1.218787732056178,5000,1,prior
1.0947380578968817,5000,1,prior
1.3747251938257325,5000,1,prior
1.1216906773297766,5000,1,prior
1.118804100929755,5000,1,prior
1.059216086533325,5000,1,prior
1.2452487447900458,5000,1,prior
1.1964084092078897,5000,1,prior
1.1462489506255742,5000,1,prior
1.1930140984529534,5000,1,prior
1.236184119003666,5000,1,prior
1.1765530866788176,5000,1,prior
1.1536977151658656,5000,1,prior
1.4744008084565436,5000,1,prior
1.5471036856373594,5000,1,prior
1.136599054913143,5000,1,prior
1.5315655831729185,5000,1,prior
1.230598306067666,5000,1,prior
1.090258365485244,5000,1,prior
1.2765651917897947,5000,1,prior
1.12326028142457,5000,1,prior
1.8896359015628907,5000,1,prior
1.0730646869280474,5000,1,prior
1.6459041870873992,5000,1,prior
1.26491716852307,5000,1,prior
2.091167099272809,5000,1,prior
1.1260190722630905,5000,1,prior
1.3870991017193504,5000,1,prior
1.8122816145432101,5000,1,prior
1.3668500736125604,5000,1,prior
0.9279701037156294,5000,1,prior
1.2986522053185265,5000,1,prior
1.2102696684921814,5000,1,prior
1.252191666097878,5000,1,prior
1.2107929585883703,5000,1,prior
2.7399961815939773,5000,1,prior
1.484008636292096,5000,1,prior
0.9164940291484418,5000,1,prior
1.263735437795202,5000,1,prior
1.1979079709438898,5000,1,prior
1.2956677351518404,5000,1,prior
1.3038008793513196,5000,1,prior
1.391743341394465,5000,1,prior
1.6507656577766927,5000,1,prior
1.2111829616621135,5000,1,prior
1.5176064557248736,5000,1,prior
1.1352264678439936,5000,1,prior
1.390026770035265,5000,1,prior
1.0179842025545633,5000,1,prior
1.3994537053276435,5000,1,prior
1.283487910597294,5000,1,prior
0.9603919219977651,5000,1,prior
1.3080865893416995,5000,1,prior
1.1289116113910784,5000,1,prior
1.1183659710250013,5000,1,prior
1.634722823131725,5000,1,prior
1.3577450943999374,5000,1,prior
1.019391182165634,5000,1,prior
1.3929806390767423,5000,1,prior
1.1508245881213541,5000,1,prior
1.416638213985236,5000,1,prior
1.1459981671624189,5000,1,prior
1.4292900394138508,5000,1,prior
1.0585628177437278,5000,1,prior
1.343710667415716,5000,1,prior
1.4063977641276302,5000,1,prior
1.3649274296078147,5000,1,prior
1.1816184855740932,5000,1,prior
1.0746932715544513,5000,1,prior
1.1120671014208725,5000,1,prior
1.5255394925311654,5000,1,prior
1.190480024451365,5000,1,prior
1.3425164096355868,5000,1,prior
1.0876637460632472,5000,1,prior
0.9668135077565614,5000,1,prior
1.6232351776221863,5000,1,prior
2.0548671220514545,5000,1,prior
1.065005022466232,5000,1,prior
1.0330198802000647,5000,1,prior
1.095208019814342,5000,1,prior
1.1407243913238778,5000,1,prior
1.437865230349292,5000,1,prior
1.1342606796267736,5000,1,prior
1.2675270023551801,5000,1,prior
1.4493764383449366,5000,1,prior
1.1152508590968424,5000,1,prior
1.162453970878843,5000,1,prior
1.405970889676905,5000,1,prior
1.1510624456233531,5000,1,prior
1.4027360358411725,5000,1,prior
1.391929809806489,5000,1,prior
1.23106549926967,5000,1,prior
1.0882461583467842,5000,1,prior
1.4106896911451465,5000,1,prior
1.329078884746558,5000,1,prior
1.386250303576917,5000,1,prior
1.418886738889661,5000,1,prior
1.1929079195864853,5000,1,prior
1.3317503560353985,5000,1,prior
1.3153279231144877,5000,1,prior
0.9868612940794538,5000,1,prior
1.2486521130395198,5000,1,prior
1.4676725986244736,5000,1,prior
1.0848138227666495,5000,1,prior
1.3270363091453443,5000,1,prior
1.2651499458276327,5000,1,prior
1.0910976170373397,5000,1,prior
1.1369722693461735,5000,1,prior
1.0897454882099114,5000,1,prior
1.455025114377179,5000,1,prior
1.3360843645834763,5000,1,prior
1.256160978330881,5000,1,prior
1.2744761498711759,5000,1,prior
1.194765375912512,5000,1,prior
1.4218887027006533,5000,1,prior
1.4228828979299197,5000,1,prior
1.1984113248071961,5000,1,prior
1.2510825134280075,5000,1,prior
1.3057966666284946,5000,1,prior
0.9129235943599883,5000,1,prior
1.0130072095001699,5000,1,prior
1.3773458762626936,5000,1,prior
1.2187903095228259,5000,1,prior
1.265741899809278,5000,1,prior
1.07393380753668,5000,1,prior
1.4994786411579586,5000,1,prior
1.0957761023949333,5000,1,prior
1.09881721998759,5000,1,prior
1.599565168225394,5000,1,prior
1.8786154903452357,5000,1,prior
0.975544807401174,5000,1,prior
1.1758502057326448,5000,1,prior
1.2769954598207587,5000,1,prior
0.9633281293898861,5000,1,prior
1.225010203284359,5000,1,prior
0.9776069280456255,5000,1,prior
1.1189102784111802,5000,1,prior
1.2963132480188495,5000,1,prior
1.3986111958950023,5000,1,prior
1.7708779981782994,5000,1,prior
1.172557950131645,5000,1,prior
1.3235713125989208,5000,1,prior
1.4177146223141281,5000,1,prior
1.211537912974776,5000,1,prior
1.3748058572264346,5000,1,prior
1.4506970978936902,5000,1,prior
1.2133993672802672,5000,1,prior
1.0604873408768447,5000,1,prior
1.2327370942694713,5000,1,prior
1.612193567140895,5000,1,prior
1.1996377259517141,5000,1,prior
1.4258742802959725,5000,1,prior
1.137788660437877,5000,1,prior
1.4595763346793755,5000,1,prior
1.7050853673601676,5000,1,prior
1.1993018344854707,5000,1,prior
1.2358169348946804,5000,1,prior
1.5969102419696917,5000,1,prior
1.4624768010655715,5000,1,prior
1.4845648272744398,5000,1,prior
1.6844612971597048,5000,1,prior
1.104648307474884,5000,1,prior
1.3709444980089998,5000,1,prior
1.0113092320155808,5000,1,prior
1.397392750623206,5000,1,prior
1.0662737802319115,5000,1,prior
1.2259663675848522,5000,1,prior
1.2152381484144017,5000,1,prior
1.3165271316488325,5000,1,prior
1.2700500107998178,5000,1,prior
1.3739126879006356,5000,1,prior
1.3799608543607642,5000,1,prior
1.4375224717033548,5000,1,prior
1.2180621345245382,5000,1,prior
1.4739761347088944,5000,1,prior
1.1793260572156858,5000,1,prior
1.2838431554951395,5000,1,prior
1.0892483317855075,5000,1,prior
1.3667645400412853,5000,1,prior
1.5190927900385132,5000,1,prior
1.107430893712464,5000,1,prior
1.0763807146909468,5000,1,prior
1.0513015572160271,5000,1,prior
0.9070890992211733,5000,1,prior
1.0585285799439128,5000,1,prior
1.3807191829604983,5000,1,prior
1.2802112800223162,5000,1,prior
1.0262454821393097,5000,1,prior
1.1414848240841526,5000,1,prior
1.0825252848968518,5000,1,prior
1.4268877337015162,5000,1,prior
0.9888175693467056,5000,1,prior
1.0714584901486266,5000,1,prior
0.9490271782891022,5000,1,prior
1.1851555828500375,5000,1,prior
1.1197640451130007,5000,1,prior
1.7632729242279754,5000,1,prior
1.3581476757719324,5000,1,prior
1.2640690143351436,5000,1,prior
1.1824330171723039,5000,1,prior
1.1867860049459777,5000,1,prior
1.305393748120013,5000,1,prior
1.2860730046268614,5000,1,prior
1.011262979925162,5000,1,prior
1.3852043191551946,5000,1,prior
1.030123491651244,5000,1,prior
0.8532759781909471,5000,1,prior
1.2929120083973613,5000,1,prior
1.182218854359179,5000,1,prior
1.496348008219996,5000,1,prior
1.3712161201897497,5000,1,prior
1.1880244068037655,5000,1,prior
1.310036917446438,5000,1,prior
1.419104260539328,5000,1,prior
1.302413902209771,5000,1,prior
1.116759811045187,5000,1,prior
1.1305303776544524,5000,1,prior
1.289104605208178,5000,1,prior
1.693458886963137,5000,1,prior
1.1923713852030173,5000,1,prior
1.536971858696049,5000,1,prior
1.3381193988486764,5000,1,prior
1.161576110388234,5000,1,prior
1.5176644569818196,5000,1,prior
1.1598118919529783,5000,1,prior
1.198762524502392,5000,1,prior
1.3019728382082365,5000,1,prior
1.4294393416860547,5000,1,prior
1.0649419352074558,5000,1,prior
1.2635978537998245,5000,1,prior
1.3191033364246907,5000,1,prior
1.4500089931809035,5000,1,prior
1.150125815481733,5000,1,prior
1.1800645257068318,5000,1,prior
1.4848993903594276,5000,1,prior
1.3601322778541414,5000,1,prior
1.0255905378504941,5000,1,prior
1.0924840313346003,5000,1,prior
1.38653085023573,5000,1,prior
1.075683024339931,5000,1,prior
1.1460084283919456,5000,1,prior
1.8256795816885176,5000,1,prior
1.2569695243641348,5000,1,prior
1.1357829683991036,5000,1,prior
0.9994251994040653,5000,1,prior
1.7508729488468961,5000,1,prior
1.1868340707840173,5000,1,prior
1.162142799559036,5000,1,prior
1.9240758026197555,5000,1,prior
1.2139832876296521,5000,1,prior
1.4235844817383876,5000,1,prior
1.3026085705114623,5000,1,prior
1.188645785739697,5000,1,prior
1.2771117921694166,5000,1,prior
1.5412785790529913,5000,1,prior
1.4997640270220287,5000,1,prior
1.0339309416462434,5000,1,prior
0.9625132529335795,5000,1,prior
1.5150310662888011,5000,1,prior
1.1063075465131391,5000,1,prior
1.0523991516983335,5000,1,prior
1.0006154918061674,5000,1,prior
2.4033191178805597,5000,1,prior
1.0089475668851993,5000,1,prior
1.2479610457023518,5000,1,prior
1.0911373681214391,5000,1,prior
1.1105703364940425,5000,1,prior
1.18239869532281,5000,1,prior
1.2245816076819684,5000,1,prior
1.068128973714045,5000,1,prior
2.3924888648923015,5000,1,prior
1.3443949244686648,5000,1,prior
1.2541730311900325,5000,1,prior
1.743481590311099,5000,1,prior
1.38422689948071,5000,1,prior
1.2178255444656296,5000,1,prior
1.2716176364803533,5000,1,prior
1.045509879219028,5000,1,prior
1.2925333617744803,5000,1,prior
1.492448028678272,5000,1,prior
0.7744379669231753,5000,1,prior
1.1713495259940216,5000,1,prior
1.1290285115665446,5000,1,prior
1.128025833503472,5000,1,prior
1.5946024312900835,5000,1,prior
1.0431136763458744,5000,1,prior
1.3664362983064335,5000,1,prior
0.8982559830507831,5000,1,prior
2.251645941977468,5000,1,prior
1.2209837007479782,5000,1,prior
1.041341811786203,5000,1,prior
1.3658169825274227,5000,1,prior
0.9480147118320088,5000,1,prior
1.3374427496763162,5000,1,prior
1.3995615735330489,5000,1,prior
1.705644132199436,5000,1,prior
2.9480306358372794,5000,1,prior
1.169535678524738,5000,1,prior
1.3998389022096922,5000,1,prior
1.4030858924877,5000,1,prior
1.0886297180368854,5000,1,prior
1.4384381014003307,5000,1,prior
1.0629865279896464,5000,1,prior
0.8734410552506005,5000,1,prior
0.9568128211412456,5000,1,prior
1.076063141318783,5000,1,prior
1.6507457398846734,5000,1,prior
1.3153407303475266,5000,1,prior
1.1861101822050752,5000,1,prior
1.250826090791873,5000,1,prior
1.6462500913557476,5000,1,prior
1.0982319449484998,5000,1,prior
1.3977863876644452,5000,1,prior
1.2333626364678225,5000,1,prior
1.128021490718363,5000,1,prior
1.0019367920925357,5000,1,prior
1.1217354361163712,5000,1,prior
1.460904731712978,5000,1,prior
1.2375570181677644,5000,1,prior
1.2353112469830132,5000,1,prior
1.1352190387572632,5000,1,prior
1.4024573856736449,5000,1,prior
1.6764614599417749,5000,1,prior
1.0457313496708944,5000,1,prior
1.366701628586688,5000,1,prior
1.3415090288767135,5000,1,prior
1.6993544258063342,5000,1,prior
1.1110035092819956,5000,1,prior
1.402853982819804,5000,1,prior
1.3019686719795776,5000,1,prior
1.0712217340225085,5000,1,prior
1.410163498284314,5000,1,prior
1.4372813018619353,5000,1,prior
1.1729526499864147,5000,1,prior
0.9610114016199943,5000,1,prior
1.1937167489709317,5000,1,prior
0.9872116775683039,5000,1,prior
1.3653653685451235,5000,1,prior
1.1195586996240912,5000,1,prior
1.2709965799051224,5000,1,prior
1.3337417752977843,5000,1,prior
1.135238479689703,5000,1,prior
1.130486591727131,5000,1,prior
1.2887178390862464,5000,1,prior
1.2775948357002014,5000,1,prior
0.9841540675590823,5000,1,prior
1.632256511588263,5000,1,prior
1.2199708953677928,5000,1,prior
1.2327706434779069,5000,1,prior
1.0902911235380284,5000,1,prior
1.2854114403564307,5000,1,prior
1.0625485445823957,5000,1,prior
1.7884326937060753,5000,1,prior
0.7047166570298387,5000,2,prior
0.5066601234306213,5000,2,prior
0.520577035697874,5000,2,prior
0.8951293604869607,5000,2,prior
0.5891642291073026,5000,2,prior
0.8276713152939433,5000,2,prior
0.5856725065589771,5000,2,prior
0.6888650242838728,5000,2,prior
0.6307361874954968,5000,2,prior
0.6134122654445874,5000,2,prior
0.6249263350871361,5000,2,prior
0.5046238479901026,5000,2,prior
0.8615147058617507,5000,2,prior
0.6762849064862169,5000,2,prior
0.5119008975061569,5000,2,prior
0.6352020480672075,5000,2,prior
0.5102412904497338,5000,2,prior
0.478351597251772,5000,2,prior
0.7413136941316987,5000,2,prior
0.515338469329875,5000,2,prior
0.8301021706591575,5000,2,prior
0.7384477161311038,5000,2,prior
0.529375498923361,5000,2,prior
0.7909583323559142,5000,2,prior
0.4842141621005983,5000,2,prior
0.5442134922685318,5000,2,prior
0.5025863505369064,5000,2,prior
0.6001339506872361,5000,2,prior
0.5395810874043283,5000,2,prior
0.6126745211468256,5000,2,prior
0.6648061884820994,5000,2,prior
0.7071417395352222,5000,2,prior
0.6560370053168179,5000,2,prior
0.5452370337862098,5000,2,prior
0.5687666127156396,5000,2,prior
0.7922850575632944,5000,2,prior
0.5592266579778867,5000,2,prior
0.6789143290225257,5000,2,prior
0.6291566128684087,5000,2,prior
0.7146892565679099,5000,2,prior
0.5389156558363967,5000,2,prior
0.6011401845049297,5000,2,prior
0.5803849766068176,5000,2,prior
0.6841697987119556,5000,2,prior
0.6088423498860799,5000,2,prior
0.8609146806778368,5000,2,prior
0.631163116479804,5000,2,prior
0.5276020684907058,5000,2,prior
0.6209479355566929,5000,2,prior
0.6661357255206248,5000,2,prior
0.6179288095069579,5000,2,prior
0.5485961139591516,5000,2,prior
0.8553584264925621,5000,2,prior
0.5044420085005726,5000,2,prior
0.6813018793321142,5000,2,prior
0.544206879669344,5000,2,prior
0.6141637361938843,5000,2,prior
0.5048962968756084,5000,2,prior
0.4804130986700633,5000,2,prior
0.6963051758063692,5000,2,prior
0.42372258891978726,5000,2,prior
0.5753382397393658,5000,2,prior
0.574010453568923,5000,2,prior
0.6271695485476344,5000,2,prior
0.6481701072561175,5000,2,prior
0.583466371667776,5000,2,prior
0.9424999493322124,5000,2,prior
0.7345344749692585,5000,2,prior
0.5742503436581086,5000,2,prior
0.7512464957889083,5000,2,prior
0.6791762602325064,5000,2,prior
0.8612801163213911,5000,2,prior
0.5902922252172093,5000,2,prior
0.7296065527877627,5000,2,prior
0.7190496794936359,5000,2,prior
0.641543159488662,5000,2,prior
0.6393238987093375,5000,2,prior
0.5309765999620447,5000,2,prior
0.6540562268233461,5000,2,prior
0.6880899292930679,5000,2,prior
0.6408225312625192,5000,2,prior
0.8450583211762626,5000,2,prior
0.6262226877269484,5000,2,prior
0.9065857181745672,5000,2,prior
0.8471372408759879,5000,2,prior
0.4663110031302871,5000,2,prior
0.5046762335373848,5000,2,prior
0.5349210327453909,5000,2,prior
0.6542979997693226,5000,2,prior
0.6857557873360116,5000,2,prior
0.4842862602767045,5000,2,prior
0.555255089766745,5000,2,prior
0.5819042852087273,5000,2,prior
0.4161519284078735,5000,2,prior
0.46029015156502767,5000,2,prior
0.5772986196637093,5000,2,prior
0.5368746512513871,5000,2,prior
0.6385339442567134,5000,2,prior
0.6515673451074361,5000,2,prior
0.7853855095227241,5000,2,prior
0.5228245698342769,5000,2,prior
0.7054040578751205,5000,2,prior
0.6572229367750794,5000,2,prior
0.5875467634622068,5000,2,prior
0.6537700738475666,5000,2,prior
0.5482204922298152,5000,2,prior
0.8014735240986641,5000,2,prior
0.6712573202149275,5000,2,prior
0.6487910209015474,5000,2,prior
0.7496803098561815,5000,2,prior
0.5230305866994956,5000,2,prior
0.5896627957531599,5000,2,prior
0.5124195072124181,5000,2,prior
0.587528065457383,5000,2,prior
0.5087924910795859,5000,2,prior
0.7116640977374055,5000,2,prior
0.4812568852185019,5000,2,prior
0.8801861690284846,5000,2,prior
0.6249513957821929,5000,2,prior
0.5867707526006258,5000,2,prior
0.5595131616080186,5000,2,prior
0.49660155399686884,5000,2,prior
0.5277997113783788,5000,2,prior
0.49645234446387587,5000,2,prior
0.7408030348346761,5000,2,prior
0.587801081343831,5000,2,prior
0.6563748836719866,5000,2,prior
0.5941276808870641,5000,2,prior
0.4404913250817609,5000,2,prior
0.6861234031473802,5000,2,prior
0.545327364973357,5000,2,prior
0.8794011297177267,5000,2,prior
0.4693105489834223,5000,2,prior
0.5619997276938441,5000,2,prior
0.6248288264234603,5000,2,prior
0.8195193153639819,5000,2,prior
0.8303785760936983,5000,2,prior
0.5560086783958773,5000,2,prior
0.6405418165213985,5000,2,prior
0.9508296205491069,5000,2,prior
0.5084911005350099,5000,2,prior
0.6197923936280509,5000,2,prior
0.6711860724871546,5000,2,prior
1.0346421212522916,5000,2,prior
0.723953556273664,5000,2,prior
0.583416744925538,5000,2,prior
0.6250990548475736,5000,2,prior
0.5722177964686269,5000,2,prior
0.5233412897602484,5000,2,prior
0.547793513045933,5000,2,prior
0.6591874246683944,5000,2,prior
0.6411614831459488,5000,2,prior
0.6316878505630497,5000,2,prior
0.8268421470407082,5000,2,prior
0.5828631885472034,5000,2,prior
0.7012979847780163,5000,2,prior
0.5941327564921732,5000,2,prior
0.6923985134967328,5000,2,prior
0.7443355951073576,5000,2,prior
0.5706585613050349,5000,2,prior
0.6927695317573737,5000,2,prior
0.7907406479137948,5000,2,prior
0.7083561673525123,5000,2,prior
0.7152401555101426,5000,2,prior
0.6476918956916613,5000,2,prior
0.5694853545825014,5000,2,prior
0.6513619397253015,5000,2,prior
1.047396251762476,5000,2,prior
0.6997537261161686,5000,2,prior
0.6964832927345019,5000,2,prior
0.6958833571925126,5000,2,prior
0.5372943272343897,5000,2,prior
0.5638536164935404,5000,2,prior
0.6237852845580717,5000,2,prior
0.5125054045128218,5000,2,prior
0.5506928664000114,5000,2,prior
0.8685351023173454,5000,2,prior
0.539840346178678,5000,2,prior
0.8304127467012746,5000,2,prior
0.7942329764343281,5000,2,prior
0.4694924117560514,5000,2,prior
0.9660348871663875,5000,2,prior
1.0084643243869957,5000,2,prior
0.6032952750908797,5000,2,prior
0.5424210219860106,5000,2,prior
0.6434548328006461,5000,2,prior
0.4992256480897058,5000,2,prior
0.7095138542082113,5000,2,prior
0.5895049867745511,5000,2,prior
0.5797947129047454,5000,2,prior
0.4942444356673453,5000,2,prior
0.8307538363103726,5000,2,prior
0.7263031613046743,5000,2,prior
0.4843163813224939,5000,2,prior
0.6373643480112848,5000,2,prior
0.7551895357553267,5000,2,prior
0.8389737824838946,5000,2,prior
0.7450341170529772,5000,2,prior
0.8021185752128149,5000,2,prior
0.5455697719864763,5000,2,prior
0.5423198686499185,5000,2,prior
0.7259833733232186,5000,2,prior
0.7735699918398108,5000,2,prior
0.6848913873037334,5000,2,prior
0.5679303562653367,5000,2,prior
0.5885560588228841,5000,2,prior
0.6441430108595241,5000,2,prior
0.5992083362270298,5000,2,prior
0.6115826589659032,5000,2,prior
0.7112549539464154,5000,2,prior
0.7951212185300848,5000,2,prior
0.7323188257505998,5000,2,prior
0.6251683837518068,5000,2,prior
0.6957010630778233,5000,2,prior
0.5001472651311193,5000,2,prior
0.5737792581407625,5000,2,prior
0.93484062032696,5000,2,prior
0.6849447841238764,5000,2,prior
0.9077582593766987,5000,2,prior
0.5475071824686867,5000,2,prior
0.5957600354899077,5000,2,prior
0.5441815518810688,5000,2,prior
0.7854872260838228,5000,2,prior
0.6416665518202055,5000,2,prior
0.48104853821501037,5000,2,prior
0.6287635503593321,5000,2,prior
0.7274074716696419,5000,2,prior
0.7019728298135545,5000,2,prior
0.47800287024242605,5000,2,prior
0.7136840048994896,5000,2,prior
0.5776392116193049,5000,2,prior
0.5063433123058039,5000,2,prior
0.9464179432098002,5000,2,prior
0.5761115423134896,5000,2,prior
0.7512587202840955,5000,2,prior
0.6209932755739809,5000,2,prior
0.6479285072442185,5000,2,prior
0.6442653294117822,5000,2,prior
0.9346113471737059,5000,2,prior
0.6006609421222259,5000,2,prior
0.5290427761115264,5000,2,prior
0.4638299561308915,5000,2,prior
0.8781423994467583,5000,2,prior
0.559083973450404,5000,2,prior
0.769837312983484,5000,2,prior
0.5637563930271348,5000,2,prior
0.6938483577598712,5000,2,prior
0.6338792346356188,5000,2,prior
0.6635409662324102,5000,2,prior
0.6291222455385564,5000,2,prior
0.5529806307822986,5000,2,prior
0.6237193864370338,5000,2,prior
0.57454327737702,5000,2,prior
0.5693074678816363,5000,2,prior
0.6342542279288955,5000,2,prior
0.5315272737215975,5000,2,prior
0.734841993170258,5000,2,prior
0.5804806126636562,5000,2,prior
0.5055779752914917,5000,2,prior
0.6418797924801145,5000,2,prior
1.0810380609742323,5000,2,prior
0.7172262212348858,5000,2,prior
0.5098800308202335,5000,2,prior
0.6523184924865476,5000,2,prior
0.5065404273057288,5000,2,prior
0.6112608031818447,5000,2,prior
0.796032708081372,5000,2,prior
0.4579468814079222,5000,2,prior
0.6399811774164534,5000,2,prior
0.5611537505034082,5000,2,prior
0.5219577284315137,5000,2,prior
0.5286258782271541,5000,2,prior
0.5028919775791928,5000,2,prior
0.48945322932205926,5000,2,prior
1.0794976826884168,5000,2,prior
0.6425056728430629,5000,2,prior
0.5556139762240552,5000,2,prior
0.6312515585658736,5000,2,prior
0.5921512859608249,5000,2,prior
0.546591863558381,5000,2,prior
0.5727727467032925,5000,2,prior
0.6597937153410937,5000,2,prior
0.5777582660152704,5000,2,prior
0.6182236035692291,5000,2,prior
0.4958595400465332,5000,2,prior
0.5381661220143477,5000,2,prior
0.6001684953698189,5000,2,prior
0.6544889208945669,5000,2,prior
0.4787625493865644,5000,2,prior
0.5499888311022639,5000,2,prior
0.5438821117957827,5000,2,prior
0.48138002330119317,5000,2,prior
0.8767499947819491,5000,2,prior
0.5119721201064804,5000,2,prior
0.7249347945443524,5000,2,prior
0.5277972460786673,5000,2,prior
0.5018586358991621,5000,2,prior
0.5768229578087694,5000,2,prior
0.6344474337649968,5000,2,prior
0.5904920725959552,5000,2,prior
0.5818187714218781,5000,2,prior
0.6644458282248737,5000,2,prior
0.43349570421791034,5000,2,prior
0.68023205892243,5000,2,prior
0.5280290803203525,5000,2,prior
0.6528460853583821,5000,2,prior
0.5357836382842456,5000,2,prior
0.5837363470070932,5000,2,prior
0.5681168385103278,5000,2,prior
0.5810769306444312,5000,2,prior
0.5296088028253435,5000,2,prior
0.5962855939195342,5000,2,prior
0.6078446807139201,5000,2,prior
0.6009902181116579,5000,2,prior
0.6387103989032867,5000,2,prior
0.532167068157924,5000,2,prior
0.5848411980000374,5000,2,prior
0.7055443864719438,5000,2,prior
0.5080760584173011,5000,2,prior
0.6163481810746076,5000,2,prior
0.6639443776149172,5000,2,prior
0.5851936365579566,5000,2,prior
0.9145459529491754,5000,2,prior
0.6236565054260469,5000,2,prior
0.7913407408026848,5000,2,prior
0.5170073208039588,5000,2,prior
0.5587085808096101,5000,2,prior
0.7010884014141253,5000,2,prior
0.7135213415850985,5000,2,prior
0.6497371365593031,5000,2,prior
0.4483803253650046,5000,2,prior
0.7137454208048637,5000,2,prior
0.5038061877739842,5000,2,prior
1.1687614129215267,5000,2,prior
0.4517793678534043,5000,2,prior
0.7237647971051706,5000,2,prior
0.9279132406001911,5000,2,prior
0.5254337764884682,5000,2,prior
0.6571756672280195,5000,2,prior
0.4739937807799062,5000,2,prior
0.4924694527268862,5000,2,prior
0.793731126080761,5000,2,prior
0.5275862174445141,5000,2,prior
1.0454863794365905,5000,2,prior
0.5485524433348777,5000,2,prior
0.6337918670754823,5000,2,prior
0.5533768368697481,5000,2,prior
0.7008543563503168,5000,2,prior
0.8056630759521484,5000,2,prior
0.5486550930334132,5000,2,prior
0.5599999527750305,5000,2,prior
0.5380801023544372,5000,2,prior
0.4487490220181884,5000,2,prior
0.5437959553809598,5000,2,prior
0.5406900330915012,5000,2,prior
0.6295093677153963,5000,2,prior
0.8449286685579457,5000,2,prior
0.6647528107921653,5000,2,prior
0.5275460413919288,5000,2,prior
0.5414716179521682,5000,2,prior
0.6921051818890979,5000,2,prior
0.47346673737601797,5000,2,prior
0.6736465285527409,5000,2,prior
0.5558228746366094,5000,2,prior
0.6439655368515032,5000,2,prior
0.5706069935839678,5000,2,prior
0.5422110231018007,5000,2,prior
0.5184168006015507,5000,2,prior
0.5423875397538789,5000,2,prior
0.6135134307195828,5000,2,prior
0.5971993382399392,5000,2,prior
0.6702454829299906,5000,2,prior
0.557980165871933,5000,2,prior
0.5858127405363273,5000,2,prior
0.5342512069318114,5000,2,prior
0.5106853801523666,5000,2,prior
0.7422745223705755,5000,2,prior
0.6037075172566898,5000,2,prior
0.8237010283975432,5000,2,prior
0.7043561800611752,5000,2,prior
0.6020942557100392,5000,2,prior
0.6592307516718462,5000,2,prior
0.5233469232823523,5000,2,prior
0.5304867029788094,5000,2,prior
0.6243262974559434,5000,2,prior
0.5450564473358857,5000,2,prior
0.544743120616318,5000,2,prior
0.7598251324131262,5000,2,prior
0.7599781746692785,5000,2,prior
1.0559644224959817,5000,2,prior
0.5997159568027061,5000,2,prior
0.6641556824545111,5000,2,prior
0.5446014187081528,5000,2,prior
0.6051487220493094,5000,2,prior
0.7364988486028283,5000,2,prior
0.4920407537752999,5000,2,prior
0.6941886711382605,5000,2,prior
0.5071352674918982,5000,2,prior
0.8202955931056185,5000,2,prior
0.6043463549426271,5000,2,prior
0.8655480123467322,5000,2,prior
0.5912484842932054,5000,2,prior
0.6901818331588363,5000,2,prior
0.54625818118506,5000,2,prior
0.9790767298716845,5000,2,prior
0.6730006586345594,5000,2,prior
0.7063200493937675,5000,2,prior
0.6403201767606049,5000,2,prior
0.7352900873576905,5000,2,prior
0.5683091358582478,5000,2,prior
0.7837300041728592,5000,2,prior
0.5092722879627536,5000,2,prior
0.539786479755269,5000,2,prior
0.6604835518824761,5000,2,prior
0.6083447815889494,5000,2,prior
0.9976683764608144,5000,2,prior
0.8035410981395547,5000,2,prior
0.4383767631151557,5000,2,prior
0.5596241602404323,5000,2,prior
0.6017136290058159,5000,2,prior
0.8784835049604939,5000,2,prior
0.8375984202912802,5000,2,prior
0.6687190894062962,5000,2,prior
0.5674507988009958,5000,2,prior
0.7713273273142599,5000,2,prior
0.656599916603506,5000,2,prior
1.0054334914065455,5000,2,prior
0.5905686554989306,5000,2,prior
0.5347339647737408,5000,2,prior
0.6586121326312726,5000,2,prior
0.8117295973607308,5000,2,prior
0.5561113857986743,5000,2,prior
0.708046459390038,5000,2,prior
0.572890991743841,5000,2,prior
0.5671380748696142,5000,2,prior
0.7297849944821628,5000,2,prior
0.5456499507170707,5000,2,prior
0.7229482288936782,5000,2,prior
0.565192049117525,5000,2,prior
0.5851660008990058,5000,2,prior
0.5614349381189948,5000,2,prior
0.6302292743724989,5000,2,prior
0.6495338601400045,5000,2,prior
0.5915552463446012,5000,2,prior
0.7581638921822337,5000,2,prior
0.6423249220734597,5000,2,prior
0.6362071070255328,5000,2,prior
0.6861945308291563,5000,2,prior
0.6587051264753725,5000,2,prior
0.6941498768552199,5000,2,prior
0.7450778612854326,5000,2,prior
0.49767819918069417,5000,2,prior
0.5277962370928709,5000,2,prior
0.7645165027573119,5000,2,prior
0.6318583707355069,5000,2,prior
0.5259239986428916,5000,2,prior
0.4569251053147372,5000,2,prior
0.6110938888443479,5000,2,prior
0.5167332650390617,5000,2,prior
1.084736568105801,5000,2,prior
0.7380458378683321,5000,2,prior
0.7424901333463109,5000,2,prior
0.4697155289047122,5000,2,prior
0.8132255394996688,5000,2,prior
0.6292885800586895,5000,2,prior
0.6634818847601799,5000,2,prior
0.6075336556761515,5000,2,prior
0.6629996024972759,5000,2,prior
0.5520444588919512,5000,2,prior
0.7966428155827896,5000,2,prior
0.6487860902175153,5000,2,prior
0.6470514256753992,5000,2,prior
0.5903065580187636,5000,2,prior
0.520139145021995,5000,2,prior
0.5636871305475143,5000,2,prior
0.5636474615360416,5000,2,prior
0.7197118703192513,5000,2,prior
0.5891382820208372,5000,2,prior
0.6046559351796174,5000,2,prior
0.544160779334762,5000,2,prior
0.6413590152509496,5000,2,prior
0.6325089622568536,5000,2,prior
0.5782134265901987,5000,2,prior
0.5612834833224714,5000,2,prior
0.7040983689368469,5000,2,prior
0.5643115196755524,5000,2,prior
0.5194295395188073,5000,2,prior
0.6180005757837563,5000,2,prior
0.5792443349379671,5000,2,prior
0.607196126649595,5000,2,prior
0.5921978046154308,5000,2,prior
0.7806859976989466,5000,2,prior
0.6253186408309631,5000,2,prior
0.5312947914935012,5000,2,prior
0.5347405026513783,5000,2,prior
0.646821543286655,5000,2,prior
0.6104075599599826,5000,2,prior
0.88295317494382,5000,2,prior
0.622583139941632,5000,2,prior
0.726422953806619,5000,2,prior
0.3192784893708387,5000,4,prior
0.3107437943578935,5000,4,prior
0.24834451461303825,5000,4,prior
0.28929625869941056,5000,4,prior
0.2603610861920037,5000,4,prior
0.35880249314458873,5000,4,prior
0.3032726954049889,5000,4,prior
0.3712103614050914,5000,4,prior
0.3087634765899603,5000,4,prior
0.32136652540481125,5000,4,prior
0.23596240040112998,5000,4,prior
0.366962471630017,5000,4,prior
0.262970407129114,5000,4,prior
0.45138093097476484,5000,4,prior
0.23911130693909763,5000,4,prior
0.31149051798831834,5000,4,prior
0.24064763541282647,5000,4,prior
0.3399239792865584,5000,4,prior
0.24946899892752816,5000,4,prior
0.30296578532153634,5000,4,prior
0.2441829837976491,5000,4,prior
0.31296837641039166,5000,4,prior
0.4482593795840412,5000,4,prior
0.3494048723277875,5000,4,prior
0.25270707204631077,5000,4,prior
0.36978828602801467,5000,4,prior
0.31235765945003635,5000,4,prior
0.27229172737082774,5000,4,prior
0.2783212992775334,5000,4,prior
0.39451060402081445,5000,4,prior
0.328753556832321,5000,4,prior
0.5470807077779597,5000,4,prior
0.2830173395489179,5000,4,prior
0.38848071832054104,5000,4,prior
0.2936135615247426,5000,4,prior
0.30845248066854963,5000,4,prior
0.3238005133784726,5000,4,prior
0.2872247078289093,5000,4,prior
0.27655302280142396,5000,4,prior
0.2235404671062254,5000,4,prior
0.2652229663183856,5000,4,prior
0.3196865736574898,5000,4,prior
0.27268305737687754,5000,4,prior
0.3536495715230944,5000,4,prior
0.3525152803795579,5000,4,prior
0.28512011553793837,5000,4,prior
0.3809243563705622,5000,4,prior
0.3185746698895904,5000,4,prior
0.4361971126462162,5000,4,prior
0.33197524655227506,5000,4,prior
0.3228743155312972,5000,4,prior
0.24395880945385306,5000,4,prior
0.4600970298416617,5000,4,prior
0.266859290560621,5000,4,prior
0.31422395772431017,5000,4,prior
0.31728185011012944,5000,4,prior
0.2527793688407209,5000,4,prior
0.33873582631892346,5000,4,prior
0.28180385223142157,5000,4,prior
0.2554095973677731,5000,4,prior
0.27044882356832134,5000,4,prior
0.3075841815115692,5000,4,prior
0.2752800882391775,5000,4,prior
0.23032111055415758,5000,4,prior
0.40541037289940496,5000,4,prior
0.25273166978627604,5000,4,prior
0.3522007963845466,5000,4,prior
0.32004760430536255,5000,4,prior
0.236684002976164,5000,4,prior
0.2543060853355016,5000,4,prior
0.33045556149787725,5000,4,prior
0.34019350122200287,5000,4,prior
0.3452630848885421,5000,4,prior
0.2667926451418042,5000,4,prior
0.6559232067988597,5000,4,prior
0.26738353889132777,5000,4,prior
0.20356128750717709,5000,4,prior
0.2384483164248324,5000,4,prior
0.353101400857452,5000,4,prior
0.3117857274430041,5000,4,prior
0.42765078743956636,5000,4,prior
0.30539940633738744,5000,4,prior
0.28898885216050424,5000,4,prior
0.41713047009716037,5000,4,prior
0.3522784913825951,5000,4,prior
0.25872871867880265,5000,4,prior
0.22760072216750832,5000,4,prior
0.2746818216748386,5000,4,prior
0.40086536703110115,5000,4,prior
0.33854036467369486,5000,4,prior
0.26877112130226294,5000,4,prior
0.22553214037287744,5000,4,prior
0.26002302266455146,5000,4,prior
0.35312879734307023,5000,4,prior
0.27246260553961804,5000,4,prior
0.327028714337172,5000,4,prior
0.37198106545107373,5000,4,prior
0.2464935856693075,5000,4,prior
0.329859896243921,5000,4,prior
0.454291333055757,5000,4,prior
0.3432029623874195,5000,4,prior
0.2745577824753775,5000,4,prior
0.25438635961591205,5000,4,prior
0.2854485372052269,5000,4,prior
0.22791168492414526,5000,4,prior
0.5025728569852465,5000,4,prior
0.3285823875560284,5000,4,prior
0.5796949281716306,5000,4,prior
0.22818058702102617,5000,4,prior
0.2988861333046901,5000,4,prior
0.36204134021828516,5000,4,prior
0.2862240946734137,5000,4,prior
0.34356831620381506,5000,4,prior
0.2784608729686401,5000,4,prior
0.2944425460114336,5000,4,prior
0.27806975858819993,5000,4,prior
0.30765058342475393,5000,4,prior
0.30954635854267637,5000,4,prior
0.27432265752016327,5000,4,prior
0.29480270844296774,5000,4,prior
0.27159151089247474,5000,4,prior
0.26510644050120563,5000,4,prior
0.38655815726077286,5000,4,prior
0.26490503949055183,5000,4,prior
0.3106468343532946,5000,4,prior
0.46776985945785554,5000,4,prior
0.26352266742384106,5000,4,prior
0.21404148236288242,5000,4,prior
0.3174167725321798,5000,4,prior
0.266174766761191,5000,4,prior
0.25462398913356166,5000,4,prior
0.29313737545936214,5000,4,prior
0.28320497581073345,5000,4,prior
0.4721547773043156,5000,4,prior
0.41538935752635936,5000,4,prior
0.38332930375687463,5000,4,prior
0.35860034499202054,5000,4,prior
0.38883572811698075,5000,4,prior
0.25212888251793314,5000,4,prior
0.34842793320828513,5000,4,prior
0.2558347096999565,5000,4,prior
0.43312470674265985,5000,4,prior
0.2662745192213903,5000,4,prior
0.3508196513120589,5000,4,prior
0.3737312250048374,5000,4,prior
0.37181055487128456,5000,4,prior
0.24685893151087265,5000,4,prior
0.29590465793409815,5000,4,prior
0.2555486650393752,5000,4,prior
0.2501312541274369,5000,4,prior
0.45090485239169975,5000,4,prior
0.3004695325658762,5000,4,prior
0.26828357896900945,5000,4,prior
0.39232895080502334,5000,4,prior
0.3506169011567883,5000,4,prior
0.23542679982280282,5000,4,prior
0.4236450671325474,5000,4,prior
0.300115674289719,5000,4,prior
0.2923423847830949,5000,4,prior
0.2474733669639453,5000,4,prior
0.3168165686110376,5000,4,prior
0.2769197294764429,5000,4,prior
0.42299824107924217,5000,4,prior
0.20671892657769994,5000,4,prior
0.25324360589627437,5000,4,prior
0.3028486195088881,5000,4,prior
0.30799090055072903,5000,4,prior
0.364999811507893,5000,4,prior
0.25392901548973007,5000,4,prior
0.2808287927967145,5000,4,prior
0.3674784918032333,5000,4,prior
0.30299269902046005,5000,4,prior
0.3816776468792528,5000,4,prior
0.29769003018646456,5000,4,prior
0.331874544359558,5000,4,prior
0.4941850971687446,5000,4,prior
0.3466415242585631,5000,4,prior
0.3155377923790434,5000,4,prior
0.3887707675491899,5000,4,prior
0.28234952387579154,5000,4,prior
0.48048919190972667,5000,4,prior
0.3017231140330083,5000,4,prior
0.23683767958296098,5000,4,prior
0.3188337655896303,5000,4,prior
0.21846593412752144,5000,4,prior
0.2960834861487882,5000,4,prior
0.22309912906081528,5000,4,prior
0.3291171172948267,5000,4,prior
0.38576149700940887,5000,4,prior
0.38684160762474396,5000,4,prior
0.37628681057342905,5000,4,prior
0.3318282181681562,5000,4,prior
0.3347053563152229,5000,4,prior
0.4733144002656433,5000,4,prior
0.2922659061224935,5000,4,prior
0.3308724643064821,5000,4,prior
0.3879141456372195,5000,4,prior
0.41815237179294845,5000,4,prior
0.2848691108726903,5000,4,prior
0.2901108773975477,5000,4,prior
0.32621161033852886,5000,4,prior
0.39818483385768355,5000,4,prior
0.49471292859027144,5000,4,prior
0.26048284297636254,5000,4,prior
0.4206676971616884,5000,4,prior
0.37173574703692186,5000,4,prior
0.4040661533450274,5000,4,prior
0.2776578391188352,5000,4,prior
0.36838595972837,5000,4,prior
0.35641195464876163,5000,4,prior
0.2885962437731736,5000,4,prior
0.28347873341474894,5000,4,prior
0.398803856544463,5000,4,prior
0.31580595236605224,5000,4,prior
0.2587834058266099,5000,4,prior
0.26153393330183927,5000,4,prior
0.40401244447815077,5000,4,prior
0.2621718961019738,5000,4,prior
0.2840127212122601,5000,4,prior
0.39472937899841937,5000,4,prior
0.33684824344657216,5000,4,prior
0.25399692697473375,5000,4,prior
0.22827806915541352,5000,4,prior
0.19879551518824687,5000,4,prior
0.2309114569438457,5000,4,prior
0.3401943053614071,5000,4,prior
0.34828461497747054,5000,4,prior
0.22066222283650067,5000,4,prior
0.29484959782646886,5000,4,prior
0.23421080366291758,5000,4,prior
0.4377071638230187,5000,4,prior
0.30452025717679665,5000,4,prior
0.30097157234171085,5000,4,prior
0.3549087406407612,5000,4,prior
0.2715314741883233,5000,4,prior
0.24106055896827874,5000,4,prior
0.3039274201900408,5000,4,prior
0.37302938961119314,5000,4,prior
0.3709389578280578,5000,4,prior
0.40929868890341414,5000,4,prior
0.21655142919738404,5000,4,prior
0.40257544848839844,5000,4,prior
0.29420596467727883,5000,4,prior
0.281322611656823,5000,4,prior
0.25233268406307324,5000,4,prior
0.4253544389320057,5000,4,prior
0.2479549709184489,5000,4,prior
0.25222051930799044,5000,4,prior
0.29622186202438927,5000,4,prior
0.33113867047594747,5000,4,prior
0.23533294229351104,5000,4,prior
0.330677478719603,5000,4,prior
0.36468459970358247,5000,4,prior
0.25738308299454327,5000,4,prior
0.29247946023402865,5000,4,prior
0.29525064964997244,5000,4,prior
0.3961524718787723,5000,4,prior
0.3495557984687028,5000,4,prior
0.40675124909588206,5000,4,prior
0.33224704323521825,5000,4,prior
0.3435852281198666,5000,4,prior
0.28677732397184275,5000,4,prior
0.22889426525117798,5000,4,prior
0.28053637980804114,5000,4,prior
0.2879910733657015,5000,4,prior
0.2838332040550888,5000,4,prior
0.4065982180788663,5000,4,prior
0.36870796470382916,5000,4,prior
0.344867472216571,5000,4,prior
0.2758021420073659,5000,4,prior
0.35390913948127617,5000,4,prior
0.3202656802012061,5000,4,prior
0.30914933244076753,5000,4,prior
0.2622249906399984,5000,4,prior
0.3219730568685141,5000,4,prior
0.3817353150633955,5000,4,prior
0.34715864745781266,5000,4,prior
0.2982151092069678,5000,4,prior
0.3888410289037346,5000,4,prior
0.3346330195225866,5000,4,prior
0.30662422159800745,5000,4,prior
0.29111009877672156,5000,4,prior
0.3228951729408275,5000,4,prior
0.32182301963235505,5000,4,prior
0.2617997656961706,5000,4,prior
0.4153115035552815,5000,4,prior
0.29087318287227354,5000,4,prior
0.30630349234926607,5000,4,prior
0.3385372669973919,5000,4,prior
0.19187167293308388,5000,4,prior
0.2653643363362071,5000,4,prior
0.3483587515659725,5000,4,prior
0.292924354074303,5000,4,prior
0.323194423029066,5000,4,prior
0.2651582126910291,5000,4,prior
0.35723818468388474,5000,4,prior
0.2767406577691679,5000,4,prior
0.2895709145964082,5000,4,prior
0.23438323835013988,5000,4,prior
0.33451817596388095,5000,4,prior
0.24240687389398746,5000,4,prior
0.28274251472996753,5000,4,prior
0.2721762204776254,5000,4,prior
0.22733981405081782,5000,4,prior
0.31489283808439295,5000,4,prior
0.3863324828103797,5000,4,prior
0.41981716318232776,5000,4,prior
0.2868456752205459,5000,4,prior
0.3059170111005843,5000,4,prior
0.3092685692445153,5000,4,prior
0.2549892480191811,5000,4,prior
0.30599038776091686,5000,4,prior
0.2373241959496687,5000,4,prior
0.3410190740800481,5000,4,prior
0.3957070154891023,5000,4,prior
0.30061998110584237,5000,4,prior
0.24733131244768064,5000,4,prior
0.31659454173202656,5000,4,prior
0.3322536738221091,5000,4,prior
0.2795325548888367,5000,4,prior
0.2538893907283405,5000,4,prior
0.27334681533239913,5000,4,prior
0.34989678151023257,5000,4,prior
0.402802390830968,5000,4,prior
0.3441955643837039,5000,4,prior
0.28624465813905325,5000,4,prior
0.311324712033816,5000,4,prior
0.29732281054585574,5000,4,prior
0.38639204191492427,5000,4,prior
0.28109967655382506,5000,4,prior
0.3743257443938414,5000,4,prior
0.3280251213724425,5000,4,prior
0.35859208482401284,5000,4,prior
0.24482945952136442,5000,4,prior
0.2664677960807109,5000,4,prior
0.2840047940485414,5000,4,prior
0.27803317484242707,5000,4,prior
0.32481440376678294,5000,4,prior
0.3586579946991066,5000,4,prior
0.32623919811633206,5000,4,prior
0.22087523097685036,5000,4,prior
0.21756744916294318,5000,4,prior
0.2328012871236102,5000,4,prior
0.41407989277030977,5000,4,prior
0.24878164502049213,5000,4,prior
0.28627191028499394,5000,4,prior
0.43423239320425444,5000,4,prior
0.2826931348897876,5000,4,prior
0.3359210650116415,5000,4,prior
0.3242901788011572,5000,4,prior
0.2538881823722876,5000,4,prior
0.3650344075548279,5000,4,prior
0.2939841664742299,5000,4,prior
0.3389288099685124,5000,4,prior
0.3663917063243239,5000,4,prior
0.3565586890804043,5000,4,prior
0.2632925466724938,5000,4,prior
0.30937411910942725,5000,4,prior
0.3848990519272102,5000,4,prior
0.24673032237277617,5000,4,prior
0.33185334063858174,5000,4,prior
0.3638447144863784,5000,4,prior
0.23231529035397153,5000,4,prior
0.2921751253030967,5000,4,prior
0.3591552257685931,5000,4,prior
0.27074633673383874,5000,4,prior
0.21364842355118563,5000,4,prior
0.2719533703840057,5000,4,prior
0.2940536411527636,5000,4,prior
0.3417152509047207,5000,4,prior
0.2817376793430559,5000,4,prior
0.439701288519911,5000,4,prior
0.3819316591663521,5000,4,prior
0.39827993509009746,5000,4,prior
0.3092543884703131,5000,4,prior
0.2687602236779193,5000,4,prior
0.3025566295177041,5000,4,prior
0.34434934633698233,5000,4,prior
0.17984677586529155,5000,4,prior
0.3085572652713304,5000,4,prior
0.26258579647678876,5000,4,prior
0.2975547923436954,5000,4,prior
0.27528970178015316,5000,4,prior
0.2948323030230872,5000,4,prior
0.25667150053241156,5000,4,prior
0.22823168860626064,5000,4,prior
0.3914913292770623,5000,4,prior
0.3052015209205432,5000,4,prior
0.30562836386164044,5000,4,prior
0.278605131499279,5000,4,prior
0.2768815027038356,5000,4,prior
0.2947170173931818,5000,4,prior
0.3260972058427963,5000,4,prior
0.31168510957482237,5000,4,prior
0.21574856882427107,5000,4,prior
0.2779407333306352,5000,4,prior
0.5216502842738537,5000,4,prior
0.26688194130072573,5000,4,prior
0.3246717080485169,5000,4,prior
0.3853232156267357,5000,4,prior
0.20078679111309555,5000,4,prior
0.2572073345750422,5000,4,prior
0.3706793210271868,5000,4,prior
0.25609673116691134,5000,4,prior
0.40004301674981424,5000,4,prior
0.24463298746881137,5000,4,prior
0.36303007501114404,5000,4,prior
0.23185554388977142,5000,4,prior
0.23541284633091544,5000,4,prior
0.306146499571147,5000,4,prior
0.3910534189213183,5000,4,prior
0.22550447725188502,5000,4,prior
0.2996543511782761,5000,4,prior
0.3555505932861211,5000,4,prior
0.3009799909976934,5000,4,prior
0.2453490754444575,5000,4,prior
0.5560251768846745,5000,4,prior
0.22721385310476613,5000,4,prior
0.19557513110997415,5000,4,prior
0.3599345745377681,5000,4,prior
0.3045110232091964,5000,4,prior
0.3292612952118831,5000,4,prior
0.29727100911711307,5000,4,prior
0.3113961066330201,5000,4,prior
0.27740656932100527,5000,4,prior
0.3327601992444344,5000,4,prior
0.3786840149547947,5000,4,prior
0.2639356204732147,5000,4,prior
0.313126275775087,5000,4,prior
0.29607450550609804,5000,4,prior
0.26798936511366506,5000,4,prior
0.26401131009708745,5000,4,prior
0.245101004073729,5000,4,prior
0.30561205480274334,5000,4,prior
0.30280467575537007,5000,4,prior
0.31717945604277553,5000,4,prior
0.28140587794327365,5000,4,prior
0.3366613586701333,5000,4,prior
0.2505348905391421,5000,4,prior
0.27172727061112034,5000,4,prior
0.2784430549621981,5000,4,prior
0.29832996076198004,5000,4,prior
0.27903681441046585,5000,4,prior
0.32707048598617716,5000,4,prior
0.30874102175120927,5000,4,prior
0.2900548949585748,5000,4,prior
0.33010332336383913,5000,4,prior
0.23260628646131473,5000,4,prior
0.3238172000020553,5000,4,prior
0.24639726838927054,5000,4,prior
0.23547640246787097,5000,4,prior
0.252087554039947,5000,4,prior
0.2955030604037806,5000,4,prior
0.34849754016656714,5000,4,prior
0.34245037117389193,5000,4,prior
0.30163917891123726,5000,4,prior
0.42219391443409077,5000,4,prior
0.2825473531432648,5000,4,prior
0.30129355551315834,5000,4,prior
0.33307553017925695,5000,4,prior
0.3325318179259489,5000,4,prior
0.28846001706096447,5000,4,prior
0.31557232378289146,5000,4,prior
0.29324805433669343,5000,4,prior
0.3078605245587095,5000,4,prior
0.35147679833130935,5000,4,prior
0.2661925970085147,5000,4,prior
0.31083733022563076,5000,4,prior
0.4422855219405156,5000,4,prior
0.36927181728149056,5000,4,prior
0.37330516949549236,5000,4,prior
0.3789435380035246,5000,4,prior
0.2656857171350904,5000,4,prior
0.36145020316928833,5000,4,prior
0.31315364563806786,5000,4,prior
0.4067270956333651,5000,4,prior
0.28905566972681995,5000,4,prior
0.321846207053225,5000,4,prior
0.3229080217437958,5000,4,prior
0.304412755697137,5000,4,prior
0.27564748126449085,5000,4,prior
0.26530986473753654,5000,4,prior
0.4540969914673206,5000,4,prior
0.3430639995137198,5000,4,prior
0.23279679256667704,5000,4,prior
0.27409786112529877,5000,4,prior
0.4111508837723497,5000,4,prior
0.3467028846627496,5000,4,prior
0.35862751163999607,5000,4,prior
0.23817688319868494,5000,4,prior
0.35487405943837347,5000,4,prior
0.20891027442823865,5000,4,prior
0.2986573795648955,5000,4,prior
0.309112681733475,5000,4,prior
0.21042555825291512,5000,4,prior
0.28722984275988633,5000,4,prior
0.2309182322309261,5000,4,prior
0.34732393536871853,5000,4,prior
0.38371729083092143,5000,4,prior
0.3391351778067269,5000,4,prior
2.750188013384192,5000,1,FIFO
2.9062693319883874,5000,1,FIFO
3.2243495612502944,5000,1,FIFO
2.9810768909305154,5000,1,FIFO
2.8534108402312834,5000,1,FIFO
2.9449425885977702,5000,1,FIFO
4.5402124807927144,5000,1,FIFO
3.0747277234332118,5000,1,FIFO
1.8888936520625095,5000,1,FIFO
5.671664746473917,5000,1,FIFO
2.5481489845302856,5000,1,FIFO
2.9093648648829693,5000,1,FIFO
2.920712534418359,5000,1,FIFO
3.433735502052492,5000,1,FIFO
5.018118903387969,5000,1,FIFO
2.921389084632796,5000,1,FIFO
3.354925825573923,5000,1,FIFO
3.0511552893134337,5000,1,FIFO
3.794158707297132,5000,1,FIFO
3.6146188501428043,5000,1,FIFO
4.118681229542216,5000,1,FIFO
2.597006856941465,5000,1,FIFO
4.01787661479291,5000,1,FIFO
3.3051834996997087,5000,1,FIFO
4.8331959285405475,5000,1,FIFO
5.066039731873516,5000,1,FIFO
4.279573062672552,5000,1,FIFO
3.502569976171254,5000,1,FIFO
3.083363245606785,5000,1,FIFO
2.247663742043389,5000,1,FIFO
2.7558940841229145,5000,1,FIFO
2.497944006233651,5000,1,FIFO
3.3635255182539665,5000,1,FIFO
3.7375361259376114,5000,1,FIFO
3.602441572341806,5000,1,FIFO
3.143364325401604,5000,1,FIFO
2.9063172216878934,5000,1,FIFO
4.293174051149291,5000,1,FIFO
2.947006584969947,5000,1,FIFO
4.6247995011675105,5000,1,FIFO
3.371231864089966,5000,1,FIFO
2.1974777494229327,5000,1,FIFO
2.2299872518727026,5000,1,FIFO
6.334848038341659,5000,1,FIFO
3.0308298076729696,5000,1,FIFO
5.200549917670955,5000,1,FIFO
2.7319711242216966,5000,1,FIFO
4.594728837706411,5000,1,FIFO
3.722628719266152,5000,1,FIFO
2.325127648581938,5000,1,FIFO
3.328789152271842,5000,1,FIFO
2.7414423518218407,5000,1,FIFO
4.197918875690984,5000,1,FIFO
3.352605693864824,5000,1,FIFO
3.110283434359591,5000,1,FIFO
2.5642959320873597,5000,1,FIFO
3.5095423448755305,5000,1,FIFO
5.017225036205213,5000,1,FIFO
2.7411918027010245,5000,1,FIFO
3.8158079540058387,5000,1,FIFO
3.150849096629612,5000,1,FIFO
3.749972468818312,5000,1,FIFO
4.18585490409351,5000,1,FIFO
2.832084223509492,5000,1,FIFO
4.066736419892288,5000,1,FIFO
3.78112070661896,5000,1,FIFO
2.78041925696851,5000,1,FIFO
3.9442220561128423,5000,1,FIFO
5.100998051668724,5000,1,FIFO
3.2961626771285397,5000,1,FIFO
3.290787650923869,5000,1,FIFO
3.1124483257367355,5000,1,FIFO
2.3227241034154598,5000,1,FIFO
3.897859874607117,5000,1,FIFO
3.868126187874857,5000,1,FIFO
3.8680809832910237,5000,1,FIFO
2.580269108683567,5000,1,FIFO
3.908060240876983,5000,1,FIFO
2.544972112425298,5000,1,FIFO
2.341738835684053,5000,1,FIFO
3.1848922367288925,5000,1,FIFO
2.6846866788928017,5000,1,FIFO
2.8659726866102835,5000,1,FIFO
2.984365402280217,5000,1,FIFO
2.585158692476708,5000,1,FIFO
2.930944406129741,5000,1,FIFO
3.2217517961569038,5000,1,FIFO
3.247160356104162,5000,1,FIFO
2.3323800278999545,5000,1,FIFO
2.6865311493608073,5000,1,FIFO
4.115810256973982,5000,1,FIFO
2.551539074667543,5000,1,FIFO
3.9314253304157116,5000,1,FIFO
2.9205512748538496,5000,1,FIFO
3.185516832706749,5000,1,FIFO
2.622522393727198,5000,1,FIFO
2.5993922944812735,5000,1,FIFO
2.953890146031661,5000,1,FIFO
3.2883475458475115,5000,1,FIFO
4.418213110891125,5000,1,FIFO
2.9516891777867924,5000,1,FIFO
2.869779729522818,5000,1,FIFO
4.954012253028635,5000,1,FIFO
3.41206641731032,5000,1,FIFO
4.755143050101252,5000,1,FIFO
3.31519418158415,5000,1,FIFO
2.9871514851692225,5000,1,FIFO
4.448541883424316,5000,1,FIFO
3.2551770438504484,5000,1,FIFO
3.6366130924614843,5000,1,FIFO
2.924996284434137,5000,1,FIFO
3.3696936131319397,5000,1,FIFO
4.332398124264404,5000,1,FIFO
5.062645567604808,5000,1,FIFO
2.0782005901372513,5000,1,FIFO
7.8195719014441085,5000,1,FIFO
3.224582724324008,5000,1,FIFO
2.8876823009496433,5000,1,FIFO
2.6841493813488713,5000,1,FIFO
2.197361575714145,5000,1,FIFO
3.126258944217954,5000,1,FIFO
2.733319425000976,5000,1,FIFO
3.2934963547736706,5000,1,FIFO
2.469608246113089,5000,1,FIFO
4.901252241224165,5000,1,FIFO
2.8771187405592165,5000,1,FIFO
6.71885742220608,5000,1,FIFO
3.686867661008492,5000,1,FIFO
4.146360966972535,5000,1,FIFO
3.3494841536932816,5000,1,FIFO
3.5235481999337934,5000,1,FIFO
3.5161313321267946,5000,1,FIFO
2.7295585494543864,5000,1,FIFO
3.094268372567779,5000,1,FIFO
4.022592369561298,5000,1,FIFO
1.7255164456598664,5000,1,FIFO
3.9709939090791537,5000,1,FIFO
3.8348753006151455,5000,1,FIFO
4.08733176714523,5000,1,FIFO
2.4794194251732433,5000,1,FIFO
4.6115937260808995,5000,1,FIFO
3.0886944501200198,5000,1,FIFO
4.767566472890113,5000,1,FIFO
3.2075981826256177,5000,1,FIFO
2.914839678402554,5000,1,FIFO
3.217197661733823,5000,1,FIFO
3.3064003757870943,5000,1,FIFO
3.147113409050293,5000,1,FIFO
2.499530279578882,5000,1,FIFO
2.6280690201884513,5000,1,FIFO
3.3486153436203434,5000,1,FIFO
6.228725277717345,5000,1,FIFO
1.9780155355837277,5000,1,FIFO
5.8957096429497495,5000,1,FIFO
2.9346304438844046,5000,1,FIFO
3.1425992570637167,5000,1,FIFO
2.8983811141036333,5000,1,FIFO
3.4503927273696595,5000,1,FIFO
3.0448237287229283,5000,1,FIFO
4.379540921774048,5000,1,FIFO
3.5033730683506894,5000,1,FIFO
2.835576410215344,5000,1,FIFO
2.727834595533008,5000,1,FIFO
3.7056621685216675,5000,1,FIFO
3.3513636313937174,5000,1,FIFO
2.7222825279250364,5000,1,FIFO
3.0723167437912084,5000,1,FIFO
3.3326588930797008,5000,1,FIFO
3.5317321485615247,5000,1,FIFO
4.075181749892813,5000,1,FIFO
3.4546908133691585,5000,1,FIFO
2.5116901492569568,5000,1,FIFO
4.125860162713494,5000,1,FIFO
3.2980032687761893,5000,1,FIFO
2.309430783709105,5000,1,FIFO
2.780794872199228,5000,1,FIFO
3.0244026694454775,5000,1,FIFO
4.796002539949154,5000,1,FIFO
3.586382635133831,5000,1,FIFO
4.126872821570839,5000,1,FIFO
3.485610579320247,5000,1,FIFO
3.4699441635641763,5000,1,FIFO
2.833919188887823,5000,1,FIFO
3.476242156677718,5000,1,FIFO
3.177737871148703,5000,1,FIFO
2.2701617589925602,5000,1,FIFO
2.8559691829813794,5000,1,FIFO
2.468788829154044,5000,1,FIFO
3.3228596619555226,5000,1,FIFO
2.8654186665035746,5000,1,FIFO
3.7797002933982906,5000,1,FIFO
1.981098383306643,5000,1,FIFO
3.848218782919325,5000,1,FIFO
4.006732713816169,5000,1,FIFO
3.400013255703735,5000,1,FIFO
2.770154133976102,5000,1,FIFO
2.6958999564512056,5000,1,FIFO
3.234818602131525,5000,1,FIFO
2.422298937779469,5000,1,FIFO
3.688466440768598,5000,1,FIFO
2.7498503711540283,5000,1,FIFO
3.462026755584951,5000,1,FIFO
2.708951579828201,5000,1,FIFO
2.6664504033177714,5000,1,FIFO
3.8726542522536525,5000,1,FIFO
2.8699964133335985,5000,1,FIFO
4.048141003031487,5000,1,FIFO
2.838557385191375,5000,1,FIFO
3.7964146419050855,5000,1,FIFO
3.9006579376004096,5000,1,FIFO
3.8489817996510407,5000,1,FIFO
3.5774746326457527,5000,1,FIFO
4.138382790905034,5000,1,FIFO
3.9923216273150195,5000,1,FIFO
2.930388174666797,5000,1,FIFO
3.8586100873979166,5000,1,FIFO
2.597028917126757,5000,1,FIFO
2.8377070240332403,5000,1,FIFO
2.440698996357688,5000,1,FIFO
3.6457171621749964,5000,1,FIFO
5.072349030125735,5000,1,FIFO
3.0544462476974377,5000,1,FIFO
2.6996257134676194,5000,1,FIFO
3.9320970603174037,5000,1,FIFO
4.460460005184553,5000,1,FIFO
4.139171047698974,5000,1,FIFO
2.8912913517358754,5000,1,FIFO
2.999977811244656,5000,1,FIFO
3.5927807206726183,5000,1,FIFO
2.7852736918580567,5000,1,FIFO
2.718444583576556,5000,1,FIFO
3.4561559265656006,5000,1,FIFO
3.0279796059284263,5000,1,FIFO
4.28775961420661,5000,1,FIFO
3.69756523535952,5000,1,FIFO
8.122842844612945,5000,1,FIFO
4.11873628735495,5000,1,FIFO
3.9253369904346167,5000,1,FIFO
4.927303224849069,5000,1,FIFO
3.206665154823928,5000,1,FIFO
3.4825902639933397,5000,1,FIFO
3.4099718066221163,5000,1,FIFO
2.3388506182563757,5000,1,FIFO
1.9942273837246336,5000,1,FIFO
4.116817168419441,5000,1,FIFO
3.446673861666672,5000,1,FIFO
4.090960316250584,5000,1,FIFO
3.5772716123591746,5000,1,FIFO
4.566820944347023,5000,1,FIFO
3.031758546431391,5000,1,FIFO
3.557203275429421,5000,1,FIFO
2.5214408628961893,5000,1,FIFO
2.7241142105824516,5000,1,FIFO
2.2276877575088845,5000,1,FIFO
3.374907523904969,5000,1,FIFO
2.1394382322165786,5000,1,FIFO
2.2540409652638056,5000,1,FIFO
2.64481986357379,5000,1,FIFO
3.971901720586566,5000,1,FIFO
6.524706622370636,5000,1,FIFO
4.472518224783119,5000,1,FIFO
3.7298072469657573,5000,1,FIFO
3.3219350102361163,5000,1,FIFO
3.695025305105249,5000,1,FIFO
2.8304115530536538,5000,1,FIFO
4.089460245773455,5000,1,FIFO
2.5836213668439503,5000,1,FIFO
2.475032200550731,5000,1,FIFO
1.989547689299906,5000,1,FIFO
2.8260723272453867,5000,1,FIFO
2.710287658226068,5000,1,FIFO
4.0823314383308915,5000,1,FIFO
4.685580004463418,5000,1,FIFO
3.451714948239398,5000,1,FIFO
2.8282740733082012,5000,1,FIFO
3.631028842691978,5000,1,FIFO
2.589632643338149,5000,1,FIFO
3.0242226009726925,5000,1,FIFO
2.455972952797984,5000,1,FIFO
2.293958744703653,5000,1,FIFO
3.69129577084211,5000,1,FIFO
4.225143592074604,5000,1,FIFO
4.92784283805414,5000,1,FIFO
3.0987885077392523,5000,1,FIFO
3.513169566554798,5000,1,FIFO
2.6029063916192254,5000,1,FIFO
2.9426417585042266,5000,1,FIFO
3.1387535075339104,5000,1,FIFO
3.490791005961725,5000,1,FIFO
2.343937830285179,5000,1,FIFO
4.204690294432303,5000,1,FIFO
2.692214403563505,5000,1,FIFO
3.915509170195053,5000,1,FIFO
2.864253578290844,5000,1,FIFO
4.293541267421857,5000,1,FIFO
3.389398241762517,5000,1,FIFO
2.609883551539552,5000,1,FIFO
3.5405587724151717,5000,1,FIFO
3.077089208204715,5000,1,FIFO
2.965399718276185,5000,1,FIFO
3.852654841592433,5000,1,FIFO
5.9553886381913355,5000,1,FIFO
2.435683989637552,5000,1,FIFO
2.514213923811673,5000,1,FIFO
2.4980144753634987,5000,1,FIFO
2.638070721278995,5000,1,FIFO
2.412109310304828,5000,1,FIFO
2.4124556918807794,5000,1,FIFO
5.819066392870499,5000,1,FIFO
2.6351755835956063,5000,1,FIFO
2.949312287356331,5000,1,FIFO
3.4709532022470446,5000,1,FIFO
7.894116130376788,5000,1,FIFO
3.262879079539348,5000,1,FIFO
3.324430755865479,5000,1,FIFO
3.1946482343454012,5000,1,FIFO
3.704949417371052,5000,1,FIFO
3.3211469384327894,5000,1,FIFO
2.9597482180641403,5000,1,FIFO
3.057743644917435,5000,1,FIFO
2.847143760147479,5000,1,FIFO
3.115283202522285,5000,1,FIFO
5.003188366139473,5000,1,FIFO
3.1593921284792175,5000,1,FIFO
6.1176728826613,5000,1,FIFO
3.380685071796334,5000,1,FIFO
4.236647894154147,5000,1,FIFO
3.8410657772089625,5000,1,FIFO
2.5271555999349946,5000,1,FIFO
4.664153054425008,5000,1,FIFO
3.9357496897406,5000,1,FIFO
3.351954508134182,5000,1,FIFO
4.021516589385857,5000,1,FIFO
2.703967491590593,5000,1,FIFO
3.1010448504994774,5000,1,FIFO
2.7508704583732793,5000,1,FIFO
3.8819297035878386,5000,1,FIFO
3.3158612768900517,5000,1,FIFO
4.345313549395308,5000,1,FIFO
2.6107792937370022,5000,1,FIFO
3.3455763124569304,5000,1,FIFO
5.976601804730494,5000,1,FIFO
6.248722537763342,5000,1,FIFO
6.513869360277284,5000,1,FIFO
2.869710152546079,5000,1,FIFO
3.324426931334033,5000,1,FIFO
3.221326363358481,5000,1,FIFO
3.424175146878742,5000,1,FIFO
3.22556210849695,5000,1,FIFO
3.021768739558546,5000,1,FIFO
3.6015724852631212,5000,1,FIFO
3.6238482011485247,5000,1,FIFO
3.6396603143984576,5000,1,FIFO
2.985700696079911,5000,1,FIFO
2.872478811751336,5000,1,FIFO
4.240010839047867,5000,1,FIFO
3.2059014239367296,5000,1,FIFO
4.286675582334088,5000,1,FIFO
2.811316137005679,5000,1,FIFO
2.972954747784444,5000,1,FIFO
3.903391714009858,5000,1,FIFO
2.5020248485992815,5000,1,FIFO
2.7954606969086533,5000,1,FIFO
2.1114211935284635,5000,1,FIFO
3.016086814763195,5000,1,FIFO
3.325199512780958,5000,1,FIFO
4.030547784664288,5000,1,FIFO
3.6152186675245073,5000,1,FIFO
2.6808745274917354,5000,1,FIFO
2.656224528853574,5000,1,FIFO
3.2683041788805602,5000,1,FIFO
2.601726770729708,5000,1,FIFO
2.560567880921232,5000,1,FIFO
3.0200654400791227,5000,1,FIFO
3.6577979294709846,5000,1,FIFO
3.4957598426787,5000,1,FIFO
3.1282834896428438,5000,1,FIFO
2.7399782952090717,5000,1,FIFO
3.7330612752544976,5000,1,FIFO
4.113549689841858,5000,1,FIFO
3.1422264755150757,5000,1,FIFO
2.7853490741425286,5000,1,FIFO
3.2801100044385434,5000,1,FIFO
3.351169049979667,5000,1,FIFO
2.582785541548505,5000,1,FIFO
2.338006017311714,5000,1,FIFO
3.4114642087234825,5000,1,FIFO
3.7096690011251106,5000,1,FIFO
2.6431231078944153,5000,1,FIFO
2.9970546692497417,5000,1,FIFO
3.127031125333368,5000,1,FIFO
2.5232222427577464,5000,1,FIFO
3.087414374890914,5000,1,FIFO
3.716699782887024,5000,1,FIFO
2.104881966543397,5000,1,FIFO
3.351406025180979,5000,1,FIFO
3.8182040838342526,5000,1,FIFO
2.4337185269443817,5000,1,FIFO
3.3815215755587626,5000,1,FIFO
2.62906790693906,5000,1,FIFO
3.341066195785167,5000,1,FIFO
3.008671233188828,5000,1,FIFO
4.253873492277985,5000,1,FIFO
4.165496930305689,5000,1,FIFO
3.307425673590238,5000,1,FIFO
3.471954235356742,5000,1,FIFO
3.9074903002848522,5000,1,FIFO
3.2823286582283764,5000,1,FIFO
4.019714526788006,5000,1,FIFO
7.084185179670763,5000,1,FIFO
4.51383170036449,5000,1,FIFO
3.5754021643282496,5000,1,FIFO
4.179558236911543,5000,1,FIFO
2.6743218497895724,5000,1,FIFO
4.368173892950238,5000,1,FIFO
2.63142952909077,5000,1,FIFO
4.06246289592469,5000,1,FIFO
4.611755224991429,5000,1,FIFO
2.7193915895479024,5000,1,FIFO
3.1182063785498206,5000,1,FIFO
2.5918144449319427,5000,1,FIFO
4.900159236433861,5000,1,FIFO
5.065146952140174,5000,1,FIFO
2.3740699617558385,5000,1,FIFO
2.953160603039519,5000,1,FIFO
2.91991207492063,5000,1,FIFO
5.052533711725214,5000,1,FIFO
2.912131807628744,5000,1,FIFO
2.6945332470075227,5000,1,FIFO
4.046422652387149,5000,1,FIFO
4.360337574249247,5000,1,FIFO
3.1307993584292984,5000,1,FIFO
4.5097134027166295,5000,1,FIFO
2.5353662261130685,5000,1,FIFO
3.0945934944214155,5000,1,FIFO
2.5695143716242286,5000,1,FIFO
2.4786211990163367,5000,1,FIFO
2.070497610987628,5000,1,FIFO
1.8929044335226994,5000,1,FIFO
3.1097128960646425,5000,1,FIFO
3.0850100263122875,5000,1,FIFO
2.859654168649135,5000,1,FIFO
3.569871742189894,5000,1,FIFO
2.0811453722152584,5000,1,FIFO
2.715036210677638,5000,1,FIFO
3.4887724784721255,5000,1,FIFO
3.3313928361470944,5000,1,FIFO
2.61395552388842,5000,1,FIFO
3.7915119142547278,5000,1,FIFO
5.183739135514911,5000,1,FIFO
3.20576169162956,5000,1,FIFO
3.084023797620565,5000,1,FIFO
2.8900233566304903,5000,1,FIFO
4.596912747083587,5000,1,FIFO
2.4699533977082493,5000,1,FIFO
2.9649032603897614,5000,1,FIFO
3.214113222990891,5000,1,FIFO
3.639149542616369,5000,1,FIFO
3.949971620143866,5000,1,FIFO
3.3609864650566306,5000,1,FIFO
4.345488616708101,5000,1,FIFO
3.001771861359275,5000,1,FIFO
3.4316944234996494,5000,1,FIFO
3.1086247777657183,5000,1,FIFO
3.487263602779296,5000,1,FIFO
4.573023547132725,5000,1,FIFO
2.895473896217453,5000,1,FIFO
5.8847183194321335,5000,1,FIFO
2.9683609668608524,5000,1,FIFO
3.9429867523628346,5000,1,FIFO
3.0964467456776643,5000,1,FIFO
4.111065332406825,5000,1,FIFO
3.0040440269207886,5000,1,FIFO
3.0499482496859223,5000,1,FIFO
4.918455031610524,5000,1,FIFO
3.7285409601655264,5000,1,FIFO
3.512709570519493,5000,1,FIFO
3.867369791314158,5000,1,FIFO
3.4059281864135578,5000,1,FIFO
3.6362050645010195,5000,1,FIFO
3.6930119962361423,5000,1,FIFO
3.6711703814921637,5000,1,FIFO
3.6590419106697256,5000,1,FIFO
2.9007755684324503,5000,1,FIFO
3.20115183095178,5000,1,FIFO
4.524938800679329,5000,1,FIFO
5.681198510072492,5000,1,FIFO
2.7357814190964316,5000,1,FIFO
4.10670718149338,5000,1,FIFO
2.1958850736940394,5000,1,FIFO
2.9359379228909317,5000,1,FIFO
3.719041886566515,5000,1,FIFO
2.7172199569491,5000,1,FIFO
5.373781989346872,5000,1,FIFO
2.207521459837283,5000,1,FIFO
5.385756824211507,5000,1,FIFO
2.851744626793758,5000,1,FIFO
3.1429092190556456,5000,1,FIFO
4.057291909729465,5000,1,FIFO
2.797962056399825,5000,1,FIFO
1.159131016044999,5000,2,FIFO
2.132355713424752,5000,2,FIFO
1.3160135032003863,5000,2,FIFO
1.7375969946144603,5000,2,FIFO
1.4943161351537744,5000,2,FIFO
1.5401408299775619,5000,2,FIFO
1.588328889196084,5000,2,FIFO
1.5647078640101968,5000,2,FIFO
2.0397759140697747,5000,2,FIFO
1.669805282299874,5000,2,FIFO
1.7834901311166549,5000,2,FIFO
1.4089171330178243,5000,2,FIFO
1.7943887810730332,5000,2,FIFO
1.638610784852097,5000,2,FIFO
2.483923551700967,5000,2,FIFO
2.472712973403382,5000,2,FIFO
1.5295486728103986,5000,2,FIFO
1.082717557743451,5000,2,FIFO
1.5565851684473129,5000,2,FIFO
1.1080051563869304,5000,2,FIFO
1.4529478809356788,5000,2,FIFO
1.5687185197836895,5000,2,FIFO
1.9261002732578323,5000,2,FIFO
1.398637855971541,5000,2,FIFO
1.511354072882411,5000,2,FIFO
1.0005315794424408,5000,2,FIFO
2.5744248972917054,5000,2,FIFO
1.0251578580376253,5000,2,FIFO
1.4796474729716282,5000,2,FIFO
1.7578343108462902,5000,2,FIFO
1.6332041627565825,5000,2,FIFO
1.4573884545242335,5000,2,FIFO
2.1788757816740536,5000,2,FIFO
0.9851436860227852,5000,2,FIFO
2.0863304543867045,5000,2,FIFO
2.254570127553718,5000,2,FIFO
2.488822752434056,5000,2,FIFO
2.3576218145246965,5000,2,FIFO
1.705561930763485,5000,2,FIFO
1.1949512546165582,5000,2,FIFO
2.416638581234924,5000,2,FIFO
1.4291285030287082,5000,2,FIFO
1.2428415351451465,5000,2,FIFO
2.5883968296386612,5000,2,FIFO
1.482696337044001,5000,2,FIFO
1.3862847279612618,5000,2,FIFO
1.1978257142649387,5000,2,FIFO
1.273295418888214,5000,2,FIFO
1.513886766918244,5000,2,FIFO
1.3470500247111035,5000,2,FIFO
1.2281884239120067,5000,2,FIFO
3.1806829865768957,5000,2,FIFO
2.447158318772548,5000,2,FIFO
1.7441785251773945,5000,2,FIFO
2.019609361594929,5000,2,FIFO
1.3667598588868168,5000,2,FIFO
2.5722998380674285,5000,2,FIFO
2.364884546130152,5000,2,FIFO
2.3335364012255058,5000,2,FIFO
1.2635613595524873,5000,2,FIFO
1.580044437620803,5000,2,FIFO
1.55403979210759,5000,2,FIFO
1.773145674193664,5000,2,FIFO
0.9553961564239888,5000,2,FIFO
1.4630985821046743,5000,2,FIFO
1.5898558332166952,5000,2,FIFO
2.3042562495166914,5000,2,FIFO
1.6791619074791169,5000,2,FIFO
1.6044066741691625,5000,2,FIFO
1.4265906510920712,5000,2,FIFO
1.1582702227875645,5000,2,FIFO
1.5823349670245797,5000,2,FIFO
1.882054718727196,5000,2,FIFO
1.5031010464211227,5000,2,FIFO
1.1977405253948539,5000,2,FIFO
1.2330566475640643,5000,2,FIFO
1.6670051185080796,5000,2,FIFO
1.2247836376604482,5000,2,FIFO
1.424112875940987,5000,2,FIFO
1.7445738372706612,5000,2,FIFO
1.4352609679938757,5000,2,FIFO
1.569955245385458,5000,2,FIFO
1.6944977664667806,5000,2,FIFO
1.651891131837076,5000,2,FIFO
1.6660106112410957,5000,2,FIFO
2.3876671156571643,5000,2,FIFO
1.6091376331675864,5000,2,FIFO
1.9894549956352114,5000,2,FIFO
1.598884790431063,5000,2,FIFO
1.2133834574008728,5000,2,FIFO
1.607464266195366,5000,2,FIFO
1.233161967813135,5000,2,FIFO
1.6804933730615943,5000,2,FIFO
3.484681849233083,5000,2,FIFO
1.550652467782386,5000,2,FIFO
2.0953715700471798,5000,2,FIFO
1.257142133886302,5000,2,FIFO
1.7645741864890494,5000,2,FIFO
1.344810706058057,5000,2,FIFO
1.860472607147486,5000,2,FIFO
1.1632259715179956,5000,2,FIFO
1.7087650261747964,5000,2,FIFO
3.514417630033726,5000,2,FIFO
1.552775015755385,5000,2,FIFO
1.5485997985314206,5000,2,FIFO
1.6111415022020268,5000,2,FIFO
1.0666158721820662,5000,2,FIFO
1.4483163631155493,5000,2,FIFO
1.2091570159880332,5000,2,FIFO
1.5447537592422766,5000,2,FIFO
2.2226748922025794,5000,2,FIFO
2.4735629170836937,5000,2,FIFO
1.5648709454518939,5000,2,FIFO
1.3196102509907035,5000,2,FIFO
1.3049634548547715,5000,2,FIFO
1.0274708595127853,5000,2,FIFO
1.342578168303892,5000,2,FIFO
1.8262014910663837,5000,2,FIFO
1.8693223399638874,5000,2,FIFO
1.3877069931147943,5000,2,FIFO
2.1962182532844765,5000,2,FIFO
1.9492575305262005,5000,2,FIFO
1.0849472836483092,5000,2,FIFO
1.5859660537258824,5000,2,FIFO
1.9698479616459692,5000,2,FIFO
1.7167501364222006,5000,2,FIFO
1.3816851432699593,5000,2,FIFO
1.5227094256687883,5000,2,FIFO
1.29668532363167,5000,2,FIFO
1.6312305860229044,5000,2,FIFO
1.7394639982662903,5000,2,FIFO
1.2628806074470347,5000,2,FIFO
1.7136789316335121,5000,2,FIFO
1.2083007863043538,5000,2,FIFO
1.5945013388835942,5000,2,FIFO
0.8482558366444893,5000,2,FIFO
1.9737915720636792,5000,2,FIFO
1.9642748997480233,5000,2,FIFO
2.1539490613857417,5000,2,FIFO
1.1058165954420531,5000,2,FIFO
1.255461012051106,5000,2,FIFO
1.2535819374886146,5000,2,FIFO
1.734076585462842,5000,2,FIFO
1.9615031006271357,5000,2,FIFO
1.5210210069347845,5000,2,FIFO
1.2467601856180526,5000,2,FIFO
1.1103325838812452,5000,2,FIFO
1.1664858054736011,5000,2,FIFO
2.7252937129801387,5000,2,FIFO
1.309659034233677,5000,2,FIFO
1.4570260947243814,5000,2,FIFO
1.9414926989234678,5000,2,FIFO
1.952599077021652,5000,2,FIFO
2.242838120826846,5000,2,FIFO
1.0716698365768478,5000,2,FIFO
1.485386980303238,5000,2,FIFO
1.468843972406861,5000,2,FIFO
1.633299547872638,5000,2,FIFO
1.4549138820834142,5000,2,FIFO
1.9650012203270566,5000,2,FIFO
1.7623682355668286,5000,2,FIFO
0.9139361408411031,5000,2,FIFO
1.322632963681034,5000,2,FIFO
1.4181570783847084,5000,2,FIFO
0.9544464587393897,5000,2,FIFO
1.712502296154505,5000,2,FIFO
1.6320861823599888,5000,2,FIFO
2.3171894506972426,5000,2,FIFO
1.2429380419992122,5000,2,FIFO
2.4097651969664358,5000,2,FIFO
2.232601899123691,5000,2,FIFO
1.5643994505253016,5000,2,FIFO
1.3767987280983793,5000,2,FIFO
1.6591869261167609,5000,2,FIFO
2.7876167448773774,5000,2,FIFO
2.059427926123492,5000,2,FIFO
1.5274014473098072,5000,2,FIFO
2.869779623861142,5000,2,FIFO
1.5130916603804028,5000,2,FIFO
1.644690623856927,5000,2,FIFO
2.070259014349561,5000,2,FIFO
1.3060505940989409,5000,2,FIFO
1.7672993834428365,5000,2,FIFO
2.6498572629874375,5000,2,FIFO
2.0669325235399323,5000,2,FIFO
2.1645012345131747,5000,2,FIFO
1.316976695726221,5000,2,FIFO
2.82033041250088,5000,2,FIFO
1.8765552403504426,5000,2,FIFO
1.729631950341715,5000,2,FIFO
1.207420556984562,5000,2,FIFO
1.618764047993523,5000,2,FIFO
1.4905508320654963,5000,2,FIFO
1.5164858863302604,5000,2,FIFO
1.0898120463638041,5000,2,FIFO
1.047041087843643,5000,2,FIFO
2.3153694841474746,5000,2,FIFO
1.3095035001817448,5000,2,FIFO
1.3261865650800442,5000,2,FIFO
0.9982460623683921,5000,2,FIFO
1.0666454309975,5000,2,FIFO
2.2367292913398202,5000,2,FIFO
1.8851342776901017,5000,2,FIFO
1.3595660575401465,5000,2,FIFO
1.4585713529504267,5000,2,FIFO
1.5991890607821693,5000,2,FIFO
1.1958088059772953,5000,2,FIFO
1.711681809549766,5000,2,FIFO
1.40854022899222,5000,2,FIFO
1.2239480923941464,5000,2,FIFO
1.3878384178688772,5000,2,FIFO
1.5517935356793369,5000,2,FIFO
1.5129102839459552,5000,2,FIFO
3.215103355087174,5000,2,FIFO
1.0596774670314009,5000,2,FIFO
1.0505489844850269,5000,2,FIFO
1.3006698394167944,5000,2,FIFO
1.4180660352147538,5000,2,FIFO
1.396219194953056,5000,2,FIFO
1.864059924410706,5000,2,FIFO
1.4055421045528786,5000,2,FIFO
1.5063971339333369,5000,2,FIFO
1.25871129420334,5000,2,FIFO
1.4134367906005425,5000,2,FIFO
1.8989559291593985,5000,2,FIFO
2.4889137097010425,5000,2,FIFO
1.5310456361320641,5000,2,FIFO
1.3371889227413127,5000,2,FIFO
1.5338454112230564,5000,2,FIFO
1.221400669936249,5000,2,FIFO
1.6143860460179058,5000,2,FIFO
1.5399806099483315,5000,2,FIFO
2.0616346149988103,5000,2,FIFO
1.7732167862115509,5000,2,FIFO
1.3437892630571242,5000,2,FIFO
3.008199827807827,5000,2,FIFO
2.165474301947166,5000,2,FIFO
1.787062895184687,5000,2,FIFO
1.1360609071971364,5000,2,FIFO
1.361092175395502,5000,2,FIFO
2.0203147778806803,5000,2,FIFO
2.0255451568541356,5000,2,FIFO
1.350674089137297,5000,2,FIFO
1.5869639003874068,5000,2,FIFO
1.8177735586496215,5000,2,FIFO
1.152571681258945,5000,2,FIFO
1.622007184029603,5000,2,FIFO
1.8180419827873286,5000,2,FIFO
1.2095125592345135,5000,2,FIFO
1.5003081160607081,5000,2,FIFO
1.0588303168137783,5000,2,FIFO
1.1441714491162556,5000,2,FIFO
1.9391445083541774,5000,2,FIFO
0.9857987109335008,5000,2,FIFO
1.1787164046953391,5000,2,FIFO
1.0988540542753233,5000,2,FIFO
1.2756096833520045,5000,2,FIFO
1.4238906535875226,5000,2,FIFO
1.5880605459050154,5000,2,FIFO
1.8536430845533731,5000,2,FIFO
2.30342139631351,5000,2,FIFO
1.9269365176683837,5000,2,FIFO
1.2518507346104126,5000,2,FIFO
1.8051014774242393,5000,2,FIFO
1.6823958496585036,5000,2,FIFO
1.392519686391543,5000,2,FIFO
1.7161883551837949,5000,2,FIFO
1.6286845865798503,5000,2,FIFO
2.4889858472086672,5000,2,FIFO
1.3613951750715387,5000,2,FIFO
1.9296860752062404,5000,2,FIFO
1.9962013114942119,5000,2,FIFO
1.3382925117185767,5000,2,FIFO
1.2688655490848477,5000,2,FIFO
1.7255528321312632,5000,2,FIFO
2.3990342786179895,5000,2,FIFO
1.760397009208607,5000,2,FIFO
1.6231273907966932,5000,2,FIFO
1.034349552092926,5000,2,FIFO
1.1570589424041717,5000,2,FIFO
2.2973043650920277,5000,2,FIFO
1.7111963537729313,5000,2,FIFO
1.309720250410207,5000,2,FIFO
1.6301677103278762,5000,2,FIFO
1.413668202893061,5000,2,FIFO
1.0870419602613064,5000,2,FIFO
1.4245120964408637,5000,2,FIFO
1.4233616806658989,5000,2,FIFO
1.1991057323507806,5000,2,FIFO
2.4616507054611803,5000,2,FIFO
1.5137675907773809,5000,2,FIFO
2.5408123541572327,5000,2,FIFO
2.107367992988136,5000,2,FIFO
1.1990440602630297,5000,2,FIFO
0.9793236115139191,5000,2,FIFO
1.8483874740265507,5000,2,FIFO
1.331089836782769,5000,2,FIFO
1.6572661041336658,5000,2,FIFO
2.3561362519241853,5000,2,FIFO
1.5671415176619263,5000,2,FIFO
1.364846598298625,5000,2,FIFO
1.8680477173270948,5000,2,FIFO
2.956578039600851,5000,2,FIFO
1.3541650335356117,5000,2,FIFO
2.2826426851124584,5000,2,FIFO
1.2258201589080708,5000,2,FIFO
2.4574395635240713,5000,2,FIFO
1.8964542126965909,5000,2,FIFO
1.8367390104093975,5000,2,FIFO
1.2160423134534013,5000,2,FIFO
1.516195124816642,5000,2,FIFO
3.2141783094849625,5000,2,FIFO
1.916219236958599,5000,2,FIFO
2.006231643973365,5000,2,FIFO
1.3055386541736773,5000,2,FIFO
1.4686949114277348,5000,2,FIFO
1.9895446813055322,5000,2,FIFO
1.3243799916328063,5000,2,FIFO
1.768706673723619,5000,2,FIFO
2.2525802100296626,5000,2,FIFO
1.0695037213308671,5000,2,FIFO
1.545354529572502,5000,2,FIFO
1.1852897353178031,5000,2,FIFO
2.0706139280646925,5000,2,FIFO
1.0181856235271467,5000,2,FIFO
0.9741596771844313,5000,2,FIFO
1.1125988699374756,5000,2,FIFO
1.8188601051596092,5000,2,FIFO
2.5560731259440974,5000,2,FIFO
1.2078117403124553,5000,2,FIFO
1.1978123550821012,5000,2,FIFO
1.2997468120800502,5000,2,FIFO
1.741292965263104,5000,2,FIFO
2.6699148335877347,5000,2,FIFO
1.966482821001813,5000,2,FIFO
1.6230084734303214,5000,2,FIFO
1.6323517906222886,5000,2,FIFO
1.564841375297623,5000,2,FIFO
1.4808485513088632,5000,2,FIFO
1.433947338937494,5000,2,FIFO
1.2493228472844298,5000,2,FIFO
1.7380671835704677,5000,2,FIFO
1.5669688096998733,5000,2,FIFO
1.822840712704626,5000,2,FIFO
2.382512970573452,5000,2,FIFO
3.5403631138726674,5000,2,FIFO
2.3412872030276564,5000,2,FIFO
1.5798538084050238,5000,2,FIFO
1.6556118944666396,5000,2,FIFO
1.7152132721011872,5000,2,FIFO
0.9042842403861803,5000,2,FIFO
1.776940772883792,5000,2,FIFO
2.2180475039237075,5000,2,FIFO
1.1423533651890052,5000,2,FIFO
1.9466735787129081,5000,2,FIFO
1.381328695242937,5000,2,FIFO
1.3001938349633595,5000,2,FIFO
1.4909580030522647,5000,2,FIFO
1.726924818457121,5000,2,FIFO
1.5417248667391255,5000,2,FIFO
1.8469548963823057,5000,2,FIFO
1.267190618130685,5000,2,FIFO
1.6875199196170287,5000,2,FIFO
1.4856464456566594,5000,2,FIFO
1.9938232136738792,5000,2,FIFO
1.6965733591805732,5000,2,FIFO
1.7720467724646929,5000,2,FIFO
1.4515929181491147,5000,2,FIFO
1.5745489137067543,5000,2,FIFO
1.5081021188105908,5000,2,FIFO
1.9606464444103786,5000,2,FIFO
1.7418601786407015,5000,2,FIFO
1.5619499221538724,5000,2,FIFO
1.550732746796307,5000,2,FIFO
3.962011771185287,5000,2,FIFO
1.6246482811665273,5000,2,FIFO
1.4045841877042367,5000,2,FIFO
1.0966044930873733,5000,2,FIFO
2.3756651354635387,5000,2,FIFO
1.9239964932673495,5000,2,FIFO
1.547910094097944,5000,2,FIFO
2.189503075826096,5000,2,FIFO
1.498025310161519,5000,2,FIFO
1.8348968849274796,5000,2,FIFO
1.3568768475316362,5000,2,FIFO
1.36219792600148,5000,2,FIFO
1.3519284052896505,5000,2,FIFO
1.2821260037425597,5000,2,FIFO
1.7629922256497714,5000,2,FIFO
1.3386587145245286,5000,2,FIFO
1.553463034783754,5000,2,FIFO
1.5544036438527287,5000,2,FIFO
1.6255423523159689,5000,2,FIFO
1.6997525462358547,5000,2,FIFO
1.5431826657777978,5000,2,FIFO
2.952641255615147,5000,2,FIFO
1.4980678456671503,5000,2,FIFO
1.4182854440321553,5000,2,FIFO
0.9811725970962163,5000,2,FIFO
1.915607132812517,5000,2,FIFO
1.7833105340573427,5000,2,FIFO
1.3747859834731266,5000,2,FIFO
2.441260339463145,5000,2,FIFO
2.073986951820502,5000,2,FIFO
1.5497294978761795,5000,2,FIFO
1.3578460576399598,5000,2,FIFO
1.0910714467159015,5000,2,FIFO
3.0116327724613403,5000,2,FIFO
1.5894351155895197,5000,2,FIFO
0.8610932436659706,5000,2,FIFO
1.318571433602792,5000,2,FIFO
1.0918146437577416,5000,2,FIFO
1.4821514321461462,5000,2,FIFO
2.023422911462551,5000,2,FIFO
1.3952262371971518,5000,2,FIFO
3.8980009589667994,5000,2,FIFO
1.1498473940275638,5000,2,FIFO
1.4207432315341648,5000,2,FIFO
1.437701235786179,5000,2,FIFO
1.7946887488712193,5000,2,FIFO
1.357060867857,5000,2,FIFO
1.6076325118471764,5000,2,FIFO
0.8960458834390127,5000,2,FIFO
1.5083332379636194,5000,2,FIFO
1.1633071796899939,5000,2,FIFO
1.9508074562499413,5000,2,FIFO
1.5398107997606847,5000,2,FIFO
1.203498755685901,5000,2,FIFO
1.5353979432682623,5000,2,FIFO
1.3430007977712077,5000,2,FIFO
1.5097622132573483,5000,2,FIFO
1.706187296992846,5000,2,FIFO
1.1201638852448021,5000,2,FIFO
2.0226593120576277,5000,2,FIFO
1.694369220708737,5000,2,FIFO
1.0874871428646413,5000,2,FIFO
2.115672865561795,5000,2,FIFO
1.0913440067687574,5000,2,FIFO
1.8734027189805882,5000,2,FIFO
1.9478070286859133,5000,2,FIFO
1.624797852544222,5000,2,FIFO
1.1942572420839799,5000,2,FIFO
1.1094259119133647,5000,2,FIFO
1.1509275530636236,5000,2,FIFO
1.404570702255187,5000,2,FIFO
1.7686170905115457,5000,2,FIFO
1.8033524574055044,5000,2,FIFO
1.388593655038874,5000,2,FIFO
1.7784800100025773,5000,2,FIFO
1.2198327047791526,5000,2,FIFO
1.7045021258707467,5000,2,FIFO
1.5377130905582508,5000,2,FIFO
1.1611744608999353,5000,2,FIFO
1.3796629234886169,5000,2,FIFO
1.0176059742880734,5000,2,FIFO
1.189033993011896,5000,2,FIFO
1.498398233119277,5000,2,FIFO
2.860561819033683,5000,2,FIFO
2.909743430106259,5000,2,FIFO
0.9990133847722833,5000,2,FIFO
1.4991502102056773,5000,2,FIFO
1.876123627167652,5000,2,FIFO
1.0271641704457546,5000,2,FIFO
0.9508694420583879,5000,2,FIFO
1.4527211886233058,5000,2,FIFO
1.3171727251085463,5000,2,FIFO
1.8452213549012988,5000,2,FIFO
1.4163935525274067,5000,2,FIFO
2.3108372425120463,5000,2,FIFO
1.1135116828157496,5000,2,FIFO
1.6569268205639012,5000,2,FIFO
1.3359474081262148,5000,2,FIFO
1.5081912306275331,5000,2,FIFO
0.9846432111495967,5000,2,FIFO
1.348628551571975,5000,2,FIFO
1.2851380476982084,5000,2,FIFO
2.09126249927553,5000,2,FIFO
2.0170075456682772,5000,2,FIFO
1.9655840465145251,5000,2,FIFO
1.1887763304610772,5000,2,FIFO
1.624200146521811,5000,2,FIFO
1.3545468728305798,5000,2,FIFO
1.419375922716777,5000,2,FIFO
3.4411615413440924,5000,2,FIFO
1.3233715804962631,5000,2,FIFO
1.432355984370146,5000,2,FIFO
1.8164737522477938,5000,2,FIFO
1.125175690447132,5000,2,FIFO
3.0046851775052175,5000,2,FIFO
0.9186438394299501,5000,2,FIFO
1.2519350495665524,5000,2,FIFO
1.426632830713479,5000,2,FIFO
1.5431340975502585,5000,2,FIFO
2.035800146297329,5000,2,FIFO
1.6692219907284815,5000,2,FIFO
1.2861547214369653,5000,2,FIFO
1.581280892434541,5000,2,FIFO
1.3210351382295702,5000,2,FIFO
1.8462215111165403,5000,2,FIFO
1.1881808404763006,5000,2,FIFO
0.8413164317350238,5000,4,FIFO
0.7635629083721069,5000,4,FIFO
0.9477190210911131,5000,4,FIFO
1.0759150385099903,5000,4,FIFO
1.0622850816209997,5000,4,FIFO
0.6972152872747822,5000,4,FIFO
0.8892032387192023,5000,4,FIFO
0.9983173731802417,5000,4,FIFO
0.5387148760972479,5000,4,FIFO
0.6200875828325567,5000,4,FIFO
0.6414055255331714,5000,4,FIFO
0.7105613551179285,5000,4,FIFO
0.6757403586252988,5000,4,FIFO
0.40145920587332246,5000,4,FIFO
0.5900973039096574,5000,4,FIFO
0.4398933143111035,5000,4,FIFO
0.5660050410174452,5000,4,FIFO
0.5853699870134945,5000,4,FIFO
0.7019447518497034,5000,4,FIFO
0.5101955522449929,5000,4,FIFO
0.6479274610927159,5000,4,FIFO
0.5907396240378168,5000,4,FIFO
0.7812780140151301,5000,4,FIFO
0.7077396665383969,5000,4,FIFO
0.713987543957896,5000,4,FIFO
0.8653528955036678,5000,4,FIFO
1.1232271223399708,5000,4,FIFO
0.732429610025668,5000,4,FIFO
0.9655176054244344,5000,4,FIFO
0.7883272600479522,5000,4,FIFO
0.8829419782580608,5000,4,FIFO
0.6460548477934516,5000,4,FIFO
0.8244650681048177,5000,4,FIFO
0.9515176552090008,5000,4,FIFO
0.6929951044266305,5000,4,FIFO
0.6660592069516104,5000,4,FIFO
0.910931514025453,5000,4,FIFO
1.0646523029051187,5000,4,FIFO
0.6159602055273424,5000,4,FIFO
0.9444400555167005,5000,4,FIFO
1.0326840050964463,5000,4,FIFO
0.9865968696967417,5000,4,FIFO
0.583999244747903,5000,4,FIFO
0.6525870996180405,5000,4,FIFO
0.5584734418233464,5000,4,FIFO
0.8640728389389235,5000,4,FIFO
0.8552818654963854,5000,4,FIFO
0.5521397775896012,5000,4,FIFO
1.3894306730121655,5000,4,FIFO
0.7586785719241745,5000,4,FIFO
0.5940430081394805,5000,4,FIFO
0.608037197448786,5000,4,FIFO
0.7082581729803593,5000,4,FIFO
0.46263769337168087,5000,4,FIFO
0.4667061416127051,5000,4,FIFO
1.1249873520119926,5000,4,FIFO
1.1583298931551584,5000,4,FIFO
0.9482596809772764,5000,4,FIFO
0.6220479419090856,5000,4,FIFO
0.4109883701181223,5000,4,FIFO
0.9864973632005993,5000,4,FIFO
0.8048999090366761,5000,4,FIFO
0.6075696362476101,5000,4,FIFO
0.45002551607593533,5000,4,FIFO
1.2673625013366538,5000,4,FIFO
0.47754103043722446,5000,4,FIFO
0.5587895532532078,5000,4,FIFO
1.4755799022231022,5000,4,FIFO
0.5690434438209652,5000,4,FIFO
0.6402043143360768,5000,4,FIFO
0.6305271175206111,5000,4,FIFO
0.7744113237365587,5000,4,FIFO
0.6745004976779695,5000,4,FIFO
0.5408274656845237,5000,4,FIFO
1.0831760900659029,5000,4,FIFO
0.874745884957656,5000,4,FIFO
0.643300713133317,5000,4,FIFO
0.9737888784792678,5000,4,FIFO
0.8358911895414076,5000,4,FIFO
0.698741053103217,5000,4,FIFO
0.7588301665246456,5000,4,FIFO
0.8292726311710547,5000,4,FIFO
0.5122589703416459,5000,4,FIFO
0.6667514201354949,5000,4,FIFO
0.8293282242773563,5000,4,FIFO
0.8973637488976397,5000,4,FIFO
0.5924986242030283,5000,4,FIFO
0.9676260118765992,5000,4,FIFO
0.5799823801630458,5000,4,FIFO
0.977982174948073,5000,4,FIFO
0.4591021889380685,5000,4,FIFO
1.1506818796916538,5000,4,FIFO
1.2760316531805183,5000,4,FIFO
0.5963929920500832,5000,4,FIFO
0.7702731871342786,5000,4,FIFO
0.8020875788765132,5000,4,FIFO
0.6028497688884731,5000,4,FIFO
1.06100179445052,5000,4,FIFO
0.849634864668529,5000,4,FIFO
1.350089004176975,5000,4,FIFO
0.5428172929132871,5000,4,FIFO
0.7371313851812145,5000,4,FIFO
0.8930524079345119,5000,4,FIFO
0.7081124395664241,5000,4,FIFO
0.6164956921946586,5000,4,FIFO
0.5933849229891993,5000,4,FIFO
0.9311195609764643,5000,4,FIFO
0.6333957604646403,5000,4,FIFO
0.9280274939871186,5000,4,FIFO
0.4901000631286506,5000,4,FIFO
0.665376696505835,5000,4,FIFO
0.7507594997627186,5000,4,FIFO
0.8687006962610225,5000,4,FIFO
0.7612208552397604,5000,4,FIFO
0.6174179021487238,5000,4,FIFO
0.5556277239727248,5000,4,FIFO
0.8198853625780567,5000,4,FIFO
1.0470730828177803,5000,4,FIFO
1.044313620117646,5000,4,FIFO
1.4459412974496237,5000,4,FIFO
0.8450215356440556,5000,4,FIFO
0.566180733834177,5000,4,FIFO
0.6789497873363738,5000,4,FIFO
0.6370747675926326,5000,4,FIFO
0.5273500552276319,5000,4,FIFO
0.5521001001046719,5000,4,FIFO
0.9274245185702846,5000,4,FIFO
0.5517023224044234,5000,4,FIFO
0.8159051957219786,5000,4,FIFO
1.3890364394080068,5000,4,FIFO
1.0446556941196965,5000,4,FIFO
0.5687041859967528,5000,4,FIFO
0.6357040602929507,5000,4,FIFO
0.8742213773065741,5000,4,FIFO
0.8304012297526977,5000,4,FIFO
0.8550414927746355,5000,4,FIFO
0.7034142012901692,5000,4,FIFO
0.8924213346310799,5000,4,FIFO
0.5069423581431729,5000,4,FIFO
0.5216315061068737,5000,4,FIFO
1.0526017575802102,5000,4,FIFO
0.49325575510959097,5000,4,FIFO
0.4576006859066765,5000,4,FIFO
0.6341159433826689,5000,4,FIFO
0.5892236645091588,5000,4,FIFO
0.91867874909078,5000,4,FIFO
0.4497060134290793,5000,4,FIFO
1.022560508540745,5000,4,FIFO
0.7934183881434967,5000,4,FIFO
0.7539983878079399,5000,4,FIFO
0.8156631647290306,5000,4,FIFO
1.2360675811322948,5000,4,FIFO
0.49022721400924846,5000,4,FIFO
0.5815122809809653,5000,4,FIFO
0.7042609760121754,5000,4,FIFO
0.48872026906003074,5000,4,FIFO
0.6127493245728599,5000,4,FIFO
1.048636725013998,5000,4,FIFO
0.6026553740124174,5000,4,FIFO
0.67188387068568,5000,4,FIFO
0.7723861621206651,5000,4,FIFO
0.547416147335005,5000,4,FIFO
0.7296763316362771,5000,4,FIFO
0.5408013890366087,5000,4,FIFO
1.1864006069306483,5000,4,FIFO
0.6249615232532851,5000,4,FIFO
0.6125497663071974,5000,4,FIFO
0.6434777339737504,5000,4,FIFO
1.12785326299072,5000,4,FIFO
0.7253539136255877,5000,4,FIFO
0.6529127791341436,5000,4,FIFO
0.6134606586297224,5000,4,FIFO
0.47648351489311624,5000,4,FIFO
0.6321091636771755,5000,4,FIFO
1.3274458013444077,5000,4,FIFO
0.9467976355055209,5000,4,FIFO
0.94744985583546,5000,4,FIFO
1.4931441428452068,5000,4,FIFO
0.5544265131551238,5000,4,FIFO
0.7671984241604975,5000,4,FIFO
0.8299877485260855,5000,4,FIFO
0.7146282042602512,5000,4,FIFO
0.6050167862715005,5000,4,FIFO
0.7748587848544782,5000,4,FIFO
0.6065427323019243,5000,4,FIFO
1.0851119818677222,5000,4,FIFO
0.7173041611694156,5000,4,FIFO
0.5807353823894721,5000,4,FIFO
0.7959458414559669,5000,4,FIFO
0.7323500392848827,5000,4,FIFO
0.9073480885367924,5000,4,FIFO
1.1481582454929233,5000,4,FIFO
1.0905912926566133,5000,4,FIFO
0.8653568023550573,5000,4,FIFO
1.176840968548768,5000,4,FIFO
1.0048920176443397,5000,4,FIFO
0.8108814717556727,5000,4,FIFO
0.7063508643581521,5000,4,FIFO
0.5951280541920488,5000,4,FIFO
0.441250503416717,5000,4,FIFO
0.9870400695377255,5000,4,FIFO
0.8458625980125262,5000,4,FIFO
1.0000916307846608,5000,4,FIFO
0.7050710882486179,5000,4,FIFO
0.5097293556862418,5000,4,FIFO
0.6052314561099198,5000,4,FIFO
0.9086619972851755,5000,4,FIFO
0.7766810381895366,5000,4,FIFO
0.4780539593963962,5000,4,FIFO
0.6249644097373095,5000,4,FIFO
0.5207924909117985,5000,4,FIFO
0.98350693085491,5000,4,FIFO
0.7504615006822022,5000,4,FIFO
0.5103331819173708,5000,4,FIFO
1.2535602491502913,5000,4,FIFO
0.7174240447640996,5000,4,FIFO
0.8683675066646305,5000,4,FIFO
1.123584881051402,5000,4,FIFO
0.46917381469144703,5000,4,FIFO
0.5190223963945098,5000,4,FIFO
0.5458973845174854,5000,4,FIFO
0.5650730497069512,5000,4,FIFO
0.5479593599867445,5000,4,FIFO
0.6788169494515677,5000,4,FIFO
0.5079133039458027,5000,4,FIFO
0.7115359134533995,5000,4,FIFO
1.26342656089293,5000,4,FIFO
2.0458973910739453,5000,4,FIFO
1.5701283534937283,5000,4,FIFO
0.6708319346355005,5000,4,FIFO
1.0531742387501901,5000,4,FIFO
0.5056997758681233,5000,4,FIFO
0.6673741008741709,5000,4,FIFO
0.4507791854119847,5000,4,FIFO
0.6996809195969843,5000,4,FIFO
1.282542984062946,5000,4,FIFO
0.7271358661638292,5000,4,FIFO
0.9071546077596022,5000,4,FIFO
0.4636110291491259,5000,4,FIFO
0.9584352755781618,5000,4,FIFO
0.8501207294478903,5000,4,FIFO
0.42432093343880367,5000,4,FIFO
0.7379205563349618,5000,4,FIFO
0.9371379057756712,5000,4,FIFO
1.3067772150176662,5000,4,FIFO
0.9290584305421941,5000,4,FIFO
1.0153959171038254,5000,4,FIFO
0.6224650773299216,5000,4,FIFO
0.5454218258572582,5000,4,FIFO
0.8551850682130555,5000,4,FIFO
0.45060351428804096,5000,4,FIFO
0.9745198312883578,5000,4,FIFO
0.5832846053714674,5000,4,FIFO
0.599802161274041,5000,4,FIFO
0.42433878452506113,5000,4,FIFO
1.0179693364358062,5000,4,FIFO
0.721321995812343,5000,4,FIFO
0.7988477003207484,5000,4,FIFO
1.022173935347642,5000,4,FIFO
0.6905952866280406,5000,4,FIFO
1.2028258266945737,5000,4,FIFO
0.8182044202617491,5000,4,FIFO
0.548198219086387,5000,4,FIFO
0.9267676704936412,5000,4,FIFO
0.8955529236205011,5000,4,FIFO
0.5206141468635554,5000,4,FIFO
1.3170479473049073,5000,4,FIFO
0.659759742738647,5000,4,FIFO
1.3715174572973126,5000,4,FIFO
0.7604326528645815,5000,4,FIFO
0.636792591778164,5000,4,FIFO
0.47968306225633167,5000,4,FIFO
0.6150119339182633,5000,4,FIFO
0.8014527865970397,5000,4,FIFO
0.5724357816011748,5000,4,FIFO
0.6737803908987803,5000,4,FIFO
0.9464185465053364,5000,4,FIFO
0.6270481603033191,5000,4,FIFO
0.7899688988883045,5000,4,FIFO
1.6475269544063016,5000,4,FIFO
0.5401911002235703,5000,4,FIFO
0.5425605704061393,5000,4,FIFO
0.8143564223569487,5000,4,FIFO
1.148002914698016,5000,4,FIFO
0.9908317095517403,5000,4,FIFO
1.1633547594668456,5000,4,FIFO
0.9095378854747425,5000,4,FIFO
0.4657242683909248,5000,4,FIFO
0.6985888634563998,5000,4,FIFO
0.4958004451751617,5000,4,FIFO
0.8309567210668445,5000,4,FIFO
0.6896177374971004,5000,4,FIFO
0.8334518507714449,5000,4,FIFO
0.9821777806977435,5000,4,FIFO
0.9795152690390377,5000,4,FIFO
1.1869752666584665,5000,4,FIFO
0.5402330030877502,5000,4,FIFO
0.6087495531670307,5000,4,FIFO
0.8467554896584312,5000,4,FIFO
0.5966900350343165,5000,4,FIFO
0.6332434994228899,5000,4,FIFO
0.6219639884788727,5000,4,FIFO
0.7783164418316488,5000,4,FIFO
1.0363460922495131,5000,4,FIFO
0.8440336346210379,5000,4,FIFO
0.7304121161891383,5000,4,FIFO
1.007638031658711,5000,4,FIFO
0.8418970254232414,5000,4,FIFO
0.5914986062693213,5000,4,FIFO
0.6425424742323096,5000,4,FIFO
1.1598616534179849,5000,4,FIFO
0.7013209205683928,5000,4,FIFO
0.39713555742019735,5000,4,FIFO
0.6349865311892978,5000,4,FIFO
0.9638291834096897,5000,4,FIFO
0.6597944669671553,5000,4,FIFO
1.3924916530894795,5000,4,FIFO
0.8642159707209343,5000,4,FIFO
0.4757701646000869,5000,4,FIFO
0.5974110206550857,5000,4,FIFO
0.7247586669826207,5000,4,FIFO
0.5644028140619004,5000,4,FIFO
0.6330975096522609,5000,4,FIFO
0.5437237858667293,5000,4,FIFO
0.7475596489108611,5000,4,FIFO
0.6940455333866942,5000,4,FIFO
1.2086849962988184,5000,4,FIFO
0.8138682292535514,5000,4,FIFO
0.7268459098053714,5000,4,FIFO
0.6060303468335757,5000,4,FIFO
0.6745849261565753,5000,4,FIFO
0.5973875558006624,5000,4,FIFO
0.8064437890279003,5000,4,FIFO
0.5629039100657448,5000,4,FIFO
0.44445860354113303,5000,4,FIFO
0.6618910850227158,5000,4,FIFO
0.628397248968884,5000,4,FIFO
0.7643528805671658,5000,4,FIFO
0.7863991255099901,5000,4,FIFO
0.5294735777616894,5000,4,FIFO
0.6446652797414159,5000,4,FIFO
0.6878386749910772,5000,4,FIFO
0.807565832717285,5000,4,FIFO
0.8041235590953153,5000,4,FIFO
1.0562956960068124,5000,4,FIFO
0.6695219751324512,5000,4,FIFO
0.6023134545642428,5000,4,FIFO
0.9234154722349255,5000,4,FIFO
0.6068205867300849,5000,4,FIFO
0.5983016919931431,5000,4,FIFO
0.8314307387305605,5000,4,FIFO
0.7685421242678535,5000,4,FIFO
0.5448264165670939,5000,4,FIFO
0.6731211753821099,5000,4,FIFO
0.7105914747823294,5000,4,FIFO
0.7756964185187788,5000,4,FIFO
0.5372736280182291,5000,4,FIFO
0.8082773601973541,5000,4,FIFO
0.6168241962235692,5000,4,FIFO
0.49611293950478286,5000,4,FIFO
1.2223574797696586,5000,4,FIFO
0.9291589662623332,5000,4,FIFO
0.7021887351189335,5000,4,FIFO
0.6554153029196458,5000,4,FIFO
0.8442592953711624,5000,4,FIFO
0.6963221669683568,5000,4,FIFO
0.36655939911108243,5000,4,FIFO
0.5316731067151822,5000,4,FIFO
0.5950109717623977,5000,4,FIFO
0.703180831095415,5000,4,FIFO
0.7367557021677896,5000,4,FIFO
0.701232437386294,5000,4,FIFO
0.5687829060586289,5000,4,FIFO
0.6846660663290031,5000,4,FIFO
0.6258510678258774,5000,4,FIFO
0.62652297139167,5000,4,FIFO
0.7690629471584213,5000,4,FIFO
0.556150853414989,5000,4,FIFO
0.5349871045181127,5000,4,FIFO
0.7753852287183532,5000,4,FIFO
0.42112459799325364,5000,4,FIFO
0.5913975266703893,5000,4,FIFO
0.7789455095590523,5000,4,FIFO
0.4967439927581547,5000,4,FIFO
0.7261472269355269,5000,4,FIFO
0.8727237776661093,5000,4,FIFO
0.9553893745340023,5000,4,FIFO
1.0015677315872218,5000,4,FIFO
1.1777552926100137,5000,4,FIFO
1.0015099523584803,5000,4,FIFO
0.7585199458571484,5000,4,FIFO
1.205651372847045,5000,4,FIFO
0.6995813119633824,5000,4,FIFO
0.908808673667693,5000,4,FIFO
0.7928843189584164,5000,4,FIFO
0.7148750010712369,5000,4,FIFO
0.7854891957030069,5000,4,FIFO
0.5411185382645467,5000,4,FIFO
0.746585222810381,5000,4,FIFO
0.6922383482102811,5000,4,FIFO
0.6082499497495725,5000,4,FIFO
0.4659406080074385,5000,4,FIFO
0.5722737643321294,5000,4,FIFO
0.8169823707331098,5000,4,FIFO
1.0641296269526166,5000,4,FIFO
0.6452680485083913,5000,4,FIFO
1.2214588294810516,5000,4,FIFO
0.649107771355184,5000,4,FIFO
0.7227332525566565,5000,4,FIFO
0.4553785233619393,5000,4,FIFO
0.6002234890885824,5000,4,FIFO
0.8145392737467566,5000,4,FIFO
0.5866952032817367,5000,4,FIFO
0.6484159433778818,5000,4,FIFO
1.221890184902356,5000,4,FIFO
0.6201670485441884,5000,4,FIFO
0.4668258019551977,5000,4,FIFO
1.5505852608010358,5000,4,FIFO
0.543065216000493,5000,4,FIFO
0.5469925045518441,5000,4,FIFO
1.5073080232144023,5000,4,FIFO
0.6628590936050681,5000,4,FIFO
1.1703724149085404,5000,4,FIFO
0.5953828393934749,5000,4,FIFO
0.9463177301245567,5000,4,FIFO
0.6549703033163836,5000,4,FIFO
0.6132931285897968,5000,4,FIFO
0.6194593820280238,5000,4,FIFO
0.4366720919926271,5000,4,FIFO
0.9073542662975804,5000,4,FIFO
1.3038950271336718,5000,4,FIFO
0.6267457652886438,5000,4,FIFO
1.2710663056833167,5000,4,FIFO
0.7551503807537989,5000,4,FIFO
0.5818157967422354,5000,4,FIFO
1.164312087403856,5000,4,FIFO
0.642181900987315,5000,4,FIFO
0.7626254161216965,5000,4,FIFO
0.7483705461815231,5000,4,FIFO
0.6650423445466677,5000,4,FIFO
0.5681297975786038,5000,4,FIFO
0.7912162437348144,5000,4,FIFO
0.5786184255761887,5000,4,FIFO
0.471071443640359,5000,4,FIFO
0.4741822408872033,5000,4,FIFO
0.9054160688250198,5000,4,FIFO
1.0730293505372075,5000,4,FIFO
0.5686506854208736,5000,4,FIFO
0.4345459504088184,5000,4,FIFO
0.5913296610696239,5000,4,FIFO
0.9164677219289366,5000,4,FIFO
0.6150326104823209,5000,4,FIFO
1.3540156583133083,5000,4,FIFO
0.9984065746482927,5000,4,FIFO
0.9803661188149212,5000,4,FIFO
0.5358445438749085,5000,4,FIFO
0.9613480100740566,5000,4,FIFO
0.7901208816043738,5000,4,FIFO
1.3078381556714627,5000,4,FIFO
0.6579960034951113,5000,4,FIFO
0.5843994416397299,5000,4,FIFO
1.0066271573099181,5000,4,FIFO
0.6953133294289899,5000,4,FIFO
0.8206880174092359,5000,4,FIFO
0.5802333016980189,5000,4,FIFO
0.48624019512547256,5000,4,FIFO
0.48360415499331255,5000,4,FIFO
0.9233248714517464,5000,4,FIFO
0.7596351668885536,5000,4,FIFO
0.9246836070368237,5000,4,FIFO
0.6338818822183675,5000,4,FIFO
0.9783286375607564,5000,4,FIFO
1.0344812493021303,5000,4,FIFO
0.599492470741943,5000,4,FIFO
0.5463051457636152,5000,4,FIFO
0.5496038599443526,5000,4,FIFO
0.5398773035618376,5000,4,FIFO
1.187798387511193,5000,4,FIFO
0.7077934099494283,5000,4,FIFO
0.9189133859786401,5000,4,FIFO
0.4346384270787037,5000,4,FIFO
0.5485059612419257,5000,4,FIFO
0.674297386114411,5000,4,FIFO
0.854207714998909,5000,4,FIFO
1.2278696703494036,5000,4,FIFO
0.8265414867997415,5000,4,FIFO
0.6806243527621804,5000,4,FIFO
0.8866886771847683,5000,4,FIFO
1.4374365268708709,5000,4,FIFO
1.1881586543593512,5000,4,FIFO
0.9389243591722672,5000,4,FIFO
0.8715078045063553,5000,4,FIFO
0.7779044227073602,5000,4,FIFO
1.327317299622276,5000,4,FIFO
0.8276926383168811,5000,4,FIFO
0.9365755618908653,5000,4,FIFO
0.8026422640719404,5000,4,FIFO
0.6993877120298966,5000,4,FIFO
0.6676770292303065,5000,4,FIFO
1.1519060120550915,5000,4,FIFO
